learning evaluation instances,evaluation time (cpu seconds),model cost (RAM-Hours),classified instances,classifications correct (percent),Kappa Statistic (percent),Kappa Temporal Statistic (percent),Kappa M Statistic (percent),model training instances,model serialized size (bytes),Change detected,Warning detected
100.0,0.002856216,0.0,100.0,79.0,39.306358381502896,50.000000000000014,22.22222222222224,100.0,0.0,0.0,0.0
200.0,0.008826847,0.0,200.0,81.0,44.37939110070259,53.658536585365866,25.490196078431392,41.0,0.0,1.0,1.0
300.0,0.011997303,0.0,300.0,79.0,36.61971830985915,48.78048780487806,21.25000000000003,141.0,0.0,0.0,0.0
400.0,0.015601116,0.0,400.0,77.25,33.18649045521292,46.153846153846146,18.018018018017994,83.0,0.0,1.0,0.0
500.0,0.018851748,0.0,500.0,78.0,37.67705382436263,48.11320754716982,23.61111111111113,183.0,0.0,0.0,2.0
600.0,0.022636148,0.0,600.0,80.16666666666666,41.50609516319309,50.826446280991725,26.993865030674826,283.0,0.0,0.0,0.0
700.0,0.026372926,0.0,700.0,80.0,43.01994301994305,51.724137931034484,30.00000000000001,383.0,0.0,0.0,2.0
800.0,0.029716684,0.0,800.0,80.125,44.112478031634446,52.537313432835816,32.05128205128205,483.0,0.0,0.0,1.0
900.0,0.033408359,0.0,900.0,80.11111111111111,44.6521087855759,53.14136125654449,32.95880149812733,186.0,0.0,1.0,0.0
1000.0,0.036613616,0.0,1000.0,80.5,46.1325966850829,54.86111111111113,34.7826086956522,286.0,0.0,0.0,0.0
1100.0,0.040735162,0.0,1100.0,81.5,49.459075510873134,57.17592592592592,38.94389438943894,386.0,0.0,0.0,0.0
1200.0,0.043902591,0.0,1200.0,81.6,50.028516335786634,57.009345794392516,40.45307443365695,486.0,0.0,0.0,0.0
1300.0,0.047209236,0.0,1300.0,83.0,54.652397287679854,60.0,45.33762057877813,586.0,0.0,0.0,0.0
1400.0,0.050420718,0.0,1400.0,83.89999999999999,58.29145207920996,62.64501160092807,50.15479876160989,686.0,0.0,0.0,1.0
1500.0,0.054707491,0.0,1500.0,83.8,57.99387021661679,62.67281105990783,49.845201238390075,154.0,0.0,1.0,0.0
1600.0,0.058084527,0.0,1600.0,83.39999999999999,58.38681212899084,62.612612612612594,50.88757396449702,254.0,0.0,0.0,0.0
1700.0,0.061069629,0.0,1700.0,84.3,60.0114107566758,64.47963800904976,52.279635258358645,354.0,0.0,0.0,0.0
1800.0,0.064270085,0.0,1800.0,85.1,61.84652572926909,66.21315192743764,54.01234567901233,454.0,0.0,0.0,0.0
1900.0,0.067343491,0.0,1900.0,85.9,63.38385149944427,67.4364896073903,55.52050473186119,554.0,0.0,0.0,0.0
2000.0,0.070471095,0.0,2000.0,85.3,62.22245065789473,66.7420814479638,54.62962962962962,654.0,0.0,0.0,1.0
2100.0,0.074304211,0.0,2100.0,84.3,59.68156137647663,64.15525114155251,51.69230769230768,145.0,0.0,1.0,0.0
2200.0,0.077981722,0.0,2200.0,83.8,59.045196911704465,63.75838926174495,51.05740181268881,245.0,0.0,0.0,1.0
2300.0,0.08126548,0.0,2300.0,83.3,58.00854915765651,63.215859030836995,50.149253731343265,345.0,0.0,0.0,0.0
2400.0,0.084700689,0.0,2400.0,84.1,59.386973180076616,64.66666666666666,51.076923076923066,445.0,0.0,0.0,0.0
2500.0,0.087860945,0.0,2500.0,84.5,60.533686408310814,64.93212669683257,52.59938837920488,545.0,0.0,0.0,1.0
2600.0,0.091522892,0.0,2600.0,84.7,60.75151863405024,65.84821428571428,52.77777777777777,645.0,0.0,0.0,0.0
2700.0,0.094948702,0.0,2700.0,84.6,60.94562312019111,65.54809843400446,53.19148936170212,745.0,0.0,0.0,0.0
2800.0,0.098461014,0.0,2800.0,84.7,61.419363949043294,65.92427616926503,53.77643504531721,845.0,0.0,0.0,0.0
2900.0,0.101607134,0.0,2900.0,84.1,60.729492891791224,65.05494505494505,53.50877192982455,945.0,0.0,0.0,0.0
3000.0,0.104751864,0.0,3000.0,84.89999999999999,62.51725199328785,65.36697247706422,55.192878338278916,1045.0,0.0,0.0,0.0
3100.0,0.107848745,0.0,3100.0,85.7,64.4214884257877,66.8213457076566,57.44047619047619,1145.0,0.0,0.0,0.0
3200.0,0.110879036,0.0,3200.0,86.7,66.71138520683992,68.48341232227489,59.939759036144565,1245.0,0.0,0.0,0.0
3300.0,0.113910689,0.0,3300.0,87.1,67.82079425264418,69.85981308411215,61.14457831325301,1345.0,0.0,0.0,0.0
3400.0,0.116922431,0.0,3400.0,86.8,66.85598927339288,69.1588785046729,60.12084592145014,1445.0,0.0,0.0,0.0
3500.0,0.119907997,0.0,3500.0,87.2,67.74193548387096,70.23255813953489,60.97560975609756,1545.0,0.0,0.0,0.0
3600.0,0.122936513,0.0,3600.0,87.3,68.24618954274511,70.60185185185186,61.631419939577036,1645.0,0.0,0.0,0.0
3700.0,0.126127457,0.0,3700.0,87.6,68.93087118839418,71.0955710955711,62.31003039513677,1745.0,0.0,0.0,0.0
3800.0,0.129167923,0.0,3800.0,87.1,67.76676128413224,69.43127962085308,61.14457831325301,1845.0,0.0,0.0,0.0
3900.0,0.132134463,0.0,3900.0,87.7,69.1358024691358,70.71428571428572,62.5,1945.0,0.0,0.0,0.0
4000.0,0.135123316,0.0,4000.0,88.2,70.02596056635694,72.16981132075472,63.2398753894081,2045.0,0.0,0.0,0.0
4100.0,0.138189257,0.0,4100.0,88.3,70.0153767298821,72.59953161592506,63.09148264984227,2145.0,0.0,0.0,0.0
4200.0,0.141183311,0.0,4200.0,87.7,68.61316103744986,71.85354691075516,61.6822429906542,2245.0,0.0,0.0,0.0
4300.0,0.144241628,0.0,4300.0,87.9,69.02804369861471,71.72897196261682,62.06896551724137,2345.0,0.0,0.0,0.0
4400.0,0.147294258,0.0,4400.0,87.6,67.93014979723577,70.26378896882494,60.759493670886066,2445.0,0.0,0.0,0.0
4500.0,0.150301848,0.0,4500.0,87.8,67.84599814455596,70.09803921568628,60.3896103896104,2545.0,0.0,0.0,0.0
4600.0,0.153280002,0.0,4600.0,87.5,67.30419134110362,69.36274509803921,59.935897435897445,2645.0,0.0,0.0,0.0
4700.0,0.15627998,0.0,4700.0,87.0,65.73699719043378,67.33668341708542,58.19935691318329,2745.0,0.0,0.0,0.0
4800.0,0.159330408,0.0,4800.0,87.0,65.91880285862595,67.58104738154613,58.4664536741214,2845.0,0.0,0.0,0.0
4900.0,0.162544716,0.0,4900.0,86.8,65.50913224112251,67.96116504854369,58.09523809523809,2945.0,0.0,0.0,0.0
5000.0,0.165782323,0.0,5000.0,87.0,66.52935118434603,68.75,59.374999999999986,3045.0,0.0,0.0,0.0
5100.0,0.168785714,0.0,5100.0,87.3,68.09718551863425,70.18779342723005,61.398176291793305,3145.0,0.0,0.0,0.0
5200.0,0.171998894,0.0,5200.0,87.3,67.9454820797577,69.68973747016707,61.16207951070336,3245.0,0.0,0.0,0.0
5300.0,0.175263476,0.0,5300.0,87.3,67.7127399934917,69.39759036144578,60.80246913580246,3345.0,0.0,0.0,0.0
5400.0,0.178485608,0.0,5400.0,87.7,68.37883695819835,70.4326923076923,61.32075471698113,3445.0,0.0,0.0,0.0
5500.0,0.181700402,0.0,5500.0,86.9,66.40991189653226,69.10377358490565,59.3167701863354,3545.0,0.0,0.0,0.0
5600.0,0.184965909,0.0,5600.0,87.3,66.97524443519866,70.11764705882354,59.68253968253967,3645.0,0.0,0.0,0.0
5700.0,0.188043627,0.0,5700.0,87.7,68.1380167858253,71.72413793103448,60.95238095238095,3745.0,0.0,0.0,0.0
5800.0,0.191079468,0.0,5800.0,87.6,67.84816034433582,72.25950782997762,60.63492063492063,3845.0,0.0,0.0,0.0
5900.0,0.194186799,0.0,5900.0,86.9,66.06815379674048,70.36199095022624,58.805031446540866,3945.0,0.0,0.0,0.0
6000.0,0.197226991,0.0,6000.0,86.4,65.0563466410413,69.438202247191,57.89473684210525,4045.0,0.0,0.0,0.0
6100.0,0.200316872,0.0,6100.0,86.7,64.93577710754434,69.63470319634702,57.371794871794876,4145.0,0.0,0.0,0.0
6200.0,0.203515266,0.0,6200.0,87.4,67.51639648558346,72.06208425720621,60.37735849056604,4245.0,0.0,0.0,0.0
6300.0,0.206676921,0.0,6300.0,87.1,66.9006712235975,71.83406113537117,59.813084112149525,4345.0,0.0,0.0,0.0
6400.0,0.209798827,0.0,6400.0,86.7,67.11339696355274,71.33620689655173,60.650887573964496,4445.0,0.0,0.0,0.0
6500.0,0.212831756,0.0,6500.0,87.1,68.34511189634863,72.66949152542372,62.058823529411754,4545.0,0.0,0.0,0.0
6600.0,0.215932575,0.0,6600.0,87.3,68.53631949261718,72.33115468409585,62.089552238805965,4645.0,0.0,0.0,0.0
6700.0,0.218876153,0.0,6700.0,86.7,67.03874063206311,71.2121212121212,60.53412462908011,4745.0,0.0,0.0,0.0
6800.0,0.22194132,0.0,6800.0,87.0,67.10209989826956,70.98214285714285,60.244648318042806,4845.0,0.0,0.0,0.0
6900.0,0.224970362,0.0,6900.0,88.3,70.16249961746794,73.46938775510205,63.322884012539184,4945.0,0.0,0.0,0.0
7000.0,0.227979203,0.0,7000.0,88.1,69.21405287939152,72.06572769953053,62.101910828025474,5045.0,0.0,0.0,0.0
7100.0,0.230958619,0.0,7100.0,87.1,67.14547677261614,70.0,60.185185185185176,5145.0,0.0,0.0,0.0
7200.0,0.233976549,0.0,7200.0,86.3,65.20228394936296,68.13953488372093,58.231707317073166,5245.0,0.0,0.0,0.0
7300.0,0.23702944,0.0,7300.0,86.8,66.20704839048267,68.64608076009502,59.13312693498452,5345.0,0.0,0.0,0.0
7400.0,0.240204772,0.0,7400.0,87.4,67.26677577741407,69.7841726618705,60.0,5445.0,0.0,0.0,0.0
7500.0,0.243276875,0.0,7500.0,87.9,68.71606598066083,70.63106796116504,61.58730158730158,5545.0,0.0,0.0,0.0
7600.0,0.246290628,0.0,7600.0,87.3,67.9454820797577,69.68973747016707,61.16207951070336,5645.0,0.0,0.0,0.0
7700.0,0.249324507,0.0,7700.0,88.0,69.68227019160805,70.73170731707317,62.962962962962955,5745.0,0.0,0.0,0.0
7800.0,0.252351123,0.0,7800.0,87.9,69.68998617262179,70.63106796116504,63.109756097560975,5845.0,0.0,0.0,0.0
7900.0,0.255389876,0.0,7900.0,86.9,67.36389998903825,68.58513189448442,60.778443113772454,5945.0,0.0,0.0,0.0
8000.0,0.258316666,0.0,8000.0,86.3,66.0928017740642,68.06526806526807,59.587020648967545,6045.0,0.0,0.0,0.0
8100.0,0.261393183,0.0,8100.0,86.1,66.00303282297119,67.37089201877934,59.71014492753623,6145.0,0.0,0.0,0.0
8200.0,0.264426449,0.0,8200.0,86.7,67.03874063206311,68.02884615384616,60.53412462908011,6245.0,0.0,0.0,0.0
8300.0,0.267444729,0.0,8300.0,86.1,66.2240970413281,67.5233644859813,60.05747126436781,6345.0,0.0,0.0,0.0
8400.0,0.270450907,0.0,8400.0,85.9,66.19191483239821,68.24324324324323,60.281690140845065,6445.0,0.0,0.0,0.0
8500.0,0.273433685,0.0,8500.0,86.0,65.95595673488444,68.03652968036529,59.77011494252873,6545.0,0.0,0.0,0.0
8600.0,0.276368938,0.0,8600.0,86.3,66.32086139928217,69.00452488687783,59.94152046783625,6645.0,0.0,0.0,0.0
8700.0,0.279565796,0.0,8700.0,85.5,64.26811237062591,67.70601336302894,57.72594752186588,6745.0,0.0,0.0,0.0
8800.0,0.282700777,0.0,8800.0,85.7,64.89384684879312,68.57142857142856,58.43023255813953,6845.0,0.0,0.0,0.0
8900.0,0.286193711,0.0,8900.0,86.7,67.66665045947391,70.89715536105032,61.449275362318836,6945.0,0.0,0.0,0.0
9000.0,0.28965146,0.0,9000.0,87.0,68.46726659713295,72.22222222222221,62.31884057971014,7045.0,0.0,0.0,0.0
9100.0,0.292876966,0.0,9100.0,87.6,69.93166728904882,73.61702127659574,63.84839650145773,7145.0,0.0,0.0,0.0
9200.0,0.296142935,0.0,9200.0,87.6,69.38634433449863,73.2181425485961,62.874251497005986,7245.0,0.0,0.0,0.0
9300.0,0.299232929,0.0,9300.0,87.6,69.03700078406304,72.74725274725274,62.31003039513677,7345.0,0.0,0.0,0.0
9400.0,0.302352421,0.0,9400.0,87.1,67.70575688693509,71.20535714285714,60.790273556231,7445.0,0.0,0.0,0.0
9500.0,0.305481177,0.0,9500.0,85.1,63.84372725066731,67.46724890829694,57.428571428571416,7545.0,0.0,0.0,0.0
9600.0,0.308555331,0.0,9600.0,84.3,62.459949308976135,65.72052401746724,56.267409470752085,7645.0,0.0,0.0,0.0
9700.0,0.311669586,0.0,9700.0,83.6,61.39414226729377,64.6551724137931,55.55555555555555,7745.0,0.0,0.0,0.0
9800.0,0.314915193,0.0,9800.0,82.1,58.369382192328786,62.394957983193265,52.64550264550263,7845.0,0.0,0.0,1.0
9900.0,0.318247864,0.0,9900.0,79.7,52.76872964169381,57.62004175365345,46.99738903394257,7945.0,0.0,0.0,0.0
10000.0,0.321596348,0.0,10000.0,77.9,49.2388118666336,53.76569037656904,43.765903307888046,8045.0,0.0,0.0,0.0
10100.0,0.324722165,0.0,10100.0,74.3,42.70299192937085,46.23430962343096,38.36930455635492,8145.0,0.0,0.0,0.0
10200.0,0.328198938,0.0,10200.0,71.89999999999999,40.37767876087416,43.002028397565915,37.55555555555554,483.0,0.0,1.0,0.0
10300.0,0.331789524,0.0,10300.0,69.69999999999999,37.605021251359084,39.99999999999999,35.66878980891718,55.0,0.0,1.0,0.0
10400.0,0.335149371,0.0,10400.0,67.2,33.94767366928729,35.177865612648226,33.33333333333334,67.0,0.0,1.0,0.0
10500.0,0.338565642,0.0,10500.0,65.8,31.98739977090493,33.20312500000001,31.0483870967742,21.0,0.0,2.0,0.0
10600.0,0.341926351,0.0,10600.0,63.3,27.149005097584606,28.03921568627451,27.89783889980354,50.0,0.0,1.0,1.0
10700.0,0.345348998,0.0,10700.0,61.5,24.231689653000814,24.063116370808675,24.361493123772103,73.0,0.0,1.0,0.0
10800.0,0.3482174,0.0,10800.0,59.9,21.011369635273443,19.799999999999997,20.90729783037475,173.0,0.0,0.0,3.0
10900.0,0.351066313,0.0,10900.0,59.5,19.577114625447788,18.181818181818176,18.837675350701396,273.0,0.0,0.0,0.0
11000.0,0.353996805,0.0,11000.0,59.3,17.82757924490207,15.734989648033118,16.768916155419216,373.0,0.0,0.0,0.0
11100.0,0.356826681,0.0,11100.0,60.5,19.017549614564533,18.72427983539094,16.313559322033893,473.0,0.0,0.0,1.0
11200.0,0.359855524,0.0,11200.0,60.3,17.925011990804293,17.29166666666666,12.362030905077251,573.0,0.0,0.0,0.0
11300.0,0.362693487,0.0,11300.0,60.0,16.883807719000785,15.96638655462184,8.25688073394496,673.0,0.0,0.0,0.0
11400.0,0.365645178,0.0,11400.0,60.099999999999994,16.406177981512993,14.561027837259092,3.623188405797104,773.0,0.0,0.0,2.0
11500.0,0.368501943,0.0,11500.0,59.699999999999996,15.334000016807133,14.97890295358649,2.1844660194174774,873.0,0.0,0.0,2.0
11600.0,0.371337508,0.0,11600.0,60.4,15.47816732761601,16.279069767441854,1.2468827930174575,973.0,0.0,0.0,0.0
11700.0,0.374167985,0.0,11700.0,61.3,16.25116858834527,19.374999999999996,2.5188916876574328,1073.0,0.0,0.0,0.0
11800.0,0.37691946,0.0,11800.0,62.8,19.402364197316874,21.019108280254773,5.102040816326535,1173.0,0.0,0.0,0.0
11900.0,0.379675173,0.0,11900.0,63.5,20.196949555726583,20.652173913043473,6.169665809768643,1273.0,0.0,0.0,0.0
12000.0,0.382442224,0.0,12000.0,63.4,19.968512201521925,21.794871794871792,6.153846153846159,1373.0,0.0,0.0,0.0
12100.0,0.385253362,0.0,12100.0,63.6,19.783150053992113,21.720430107526877,5.4545454545454595,1473.0,0.0,0.0,0.0
12200.0,0.388034951,0.0,12200.0,64.3,20.868539813985656,23.717948717948715,6.544502617801053,1573.0,0.0,0.0,0.0
12300.0,0.390783139,0.0,12300.0,64.4,20.185456714062166,23.768736616702355,6.068601583113462,1673.0,0.0,0.0,0.0
12400.0,0.393511227,0.0,12400.0,64.9,21.774013817695568,25.79281183932347,9.067357512953375,1773.0,0.0,0.0,0.0
12500.0,0.396477805,0.0,12500.0,66.5,23.309372281488947,26.695842450765866,8.219178082191789,1873.0,0.0,0.0,0.0
12600.0,0.399283644,0.0,12600.0,66.4,22.822846275053877,28.051391862955033,8.446866485013633,1973.0,0.0,0.0,0.0
12700.0,0.402141607,0.0,12700.0,66.0,22.2647479777403,26.08695652173913,7.859078590785915,2073.0,0.0,0.0,0.0
12800.0,0.404909345,0.0,12800.0,65.2,20.949694020798415,26.11464968152866,8.17941952506597,2173.0,0.0,0.0,0.0
12900.0,0.407754121,0.0,12900.0,64.2,19.854574109893257,27.23577235772358,7.731958762886605,2273.0,0.0,0.0,0.0
13000.0,0.410517386,0.0,13000.0,65.10000000000001,22.238462772499602,27.743271221532094,10.96938775510205,2373.0,0.0,0.0,0.0
13100.0,0.413274361,0.0,13100.0,64.3,20.89168587129942,27.439024390243905,9.62025316455697,2473.0,0.0,0.0,0.0
13200.0,0.416081912,0.0,13200.0,63.5,18.829724777170913,25.204918032786882,6.887755102040822,2573.0,0.0,0.0,0.0
13300.0,0.418838287,0.0,13300.0,63.4,18.55372783593249,24.380165289256198,5.67010309278351,2673.0,0.0,0.0,0.0
13400.0,0.421624025,0.0,13400.0,64.2,18.80576433713299,25.10460251046025,3.5040431266846395,2773.0,0.0,0.0,0.0
13500.0,0.424365301,0.0,13500.0,63.6,18.228340619397866,25.102880658436217,3.4482758620689684,2873.0,0.0,0.0,0.0
13600.0,0.427164527,0.0,13600.0,63.0,16.641508923864407,22.43186582809224,0.8042895442359257,2973.0,0.0,0.0,0.0
13700.0,0.43010998,0.0,13700.0,63.6,18.191952245675864,24.324324324324323,3.1914893617021303,3073.0,0.0,0.0,0.0
13800.0,0.432878317,0.0,13800.0,63.6,18.44416562107906,23.849372384937237,3.703703703703707,3173.0,0.0,0.0,0.0
13900.0,0.435685656,0.0,13900.0,64.3,19.809879782206337,24.52431289640592,5.053191489361707,3273.0,0.0,0.0,0.0
14000.0,0.438467883,0.0,14000.0,64.1,18.83190290577266,23.940677966101696,4.010695187165779,3373.0,0.0,0.0,0.0
14100.0,0.441260122,0.0,14100.0,65.10000000000001,20.54023532840335,25.10729613733906,5.420054200542011,3473.0,0.0,0.0,0.0
14200.0,0.444016173,0.0,14200.0,66.2,23.161910131261287,29.140461215932916,8.894878706199469,3573.0,0.0,0.0,0.0
14300.0,0.446942938,0.0,14300.0,67.0,25.297113752122247,31.106471816283932,12.00000000000001,3673.0,0.0,0.0,0.0
14400.0,0.449715727,0.0,14400.0,66.2,24.02035714927978,29.72972972972973,10.582010582010591,3773.0,0.0,0.0,0.0
14500.0,0.452498427,0.0,14500.0,66.60000000000001,25.411465195739087,29.831932773109248,13.24675324675326,3873.0,0.0,0.0,0.0
14600.0,0.45529854,0.0,14600.0,67.0,25.737226803010127,30.232558139534888,12.698412698412708,3973.0,0.0,0.0,0.0
14700.0,0.458136305,0.0,14700.0,66.9,25.149700598802415,30.31578947368422,11.96808510638299,4073.0,0.0,0.0,0.0
14800.0,0.460935982,0.0,14800.0,67.2,25.543554750457414,29.157667386609077,11.111111111111121,4173.0,0.0,0.0,0.0
14900.0,0.463691582,0.0,14900.0,66.5,23.97766985884811,27.645788336933048,9.703504043126692,4273.0,0.0,0.0,0.0
15000.0,0.466665572,0.0,15000.0,65.9,23.155968595354217,26.190476190476193,8.086253369272246,4373.0,0.0,0.0,0.0
15100.0,0.469436035,0.0,15100.0,64.3,19.933614425405953,23.39055793991416,5.305039787798413,4473.0,0.0,0.0,0.0
15200.0,0.472242823,0.0,15200.0,63.4,18.802356950163293,20.950323974082067,5.1813471502590716,4573.0,0.0,0.0,0.0
15300.0,0.475023198,0.0,15300.0,63.1,19.320278815123185,20.474137931034477,7.286432160804027,4673.0,0.0,0.0,0.0
15400.0,0.477882288,0.0,15400.0,64.0,21.98166569143749,23.404255319148934,11.11111111111112,4773.0,0.0,0.0,0.0
15500.0,0.480685789,0.0,15500.0,64.0,21.671018276762407,23.2409381663113,10.000000000000009,4873.0,0.0,0.0,0.0
15600.0,0.483468577,0.0,15600.0,64.9,24.466097974572428,25.949367088607595,14.180929095354536,4973.0,0.0,0.0,0.0
15700.0,0.486235978,0.0,15700.0,64.5,23.58031601153831,23.819742489270386,13.414634146341475,5073.0,0.0,0.0,0.0
15800.0,0.489043702,0.0,15800.0,64.0,22.832890336963054,24.686192468619247,12.195121951219521,5173.0,0.0,0.0,0.0
15900.0,0.49179399,0.0,15900.0,64.4,23.718753615859654,24.894514767932492,12.958435207823971,5273.0,0.0,0.0,0.0
16000.0,0.494564228,0.0,16000.0,64.1,22.675971396571043,24.737945492662476,11.358024691358034,5373.0,0.0,0.0,0.0
16100.0,0.497371191,0.0,16100.0,65.9,25.750119757871364,28.361344537815132,13.67088607594938,5473.0,0.0,0.0,0.0
16200.0,0.500253281,0.0,16200.0,66.2,25.865812734411005,29.288702928870297,12.661498708010347,5573.0,0.0,0.0,0.0
16300.0,0.503115821,0.0,16300.0,65.4,24.160061724065372,28.512396694214882,10.362694300518143,5673.0,0.0,0.0,0.0
16400.0,0.50592921,0.0,16400.0,64.5,22.513445554236224,26.195426195426197,9.2071611253197,5773.0,0.0,0.0,0.0
16500.0,0.508695936,0.0,16500.0,63.7,21.403393294821726,24.532224532224532,8.793969849246238,5873.0,0.0,0.0,0.0
16600.0,0.511478849,0.0,16600.0,63.2,19.484349770486652,25.203252032520325,5.8823529411764754,5973.0,0.0,0.0,0.0
16700.0,0.514257164,0.0,16700.0,63.6,20.405842735939835,24.948453608247423,6.666666666666672,6073.0,0.0,0.0,0.0
16800.0,0.517058703,0.0,16800.0,64.4,21.86951330851887,26.446280991735538,8.247422680412377,6173.0,0.0,0.0,0.0
16900.0,0.519853741,0.0,16900.0,64.60000000000001,22.155372598691166,27.31006160164271,8.762886597938152,6273.0,0.0,0.0,0.0
17000.0,0.522642668,0.0,17000.0,64.9,23.117361019844935,29.376257545271635,10.913705583756354,6373.0,0.0,0.0,0.0
17100.0,0.525483844,0.0,17100.0,63.800000000000004,21.57712305025997,28.17460317460318,10.396039603960405,6473.0,0.0,0.0,0.0
17200.0,0.528316297,0.0,17200.0,63.0,19.97716104920756,26.0,8.415841584158423,6573.0,0.0,0.0,0.0
17300.0,0.531109186,0.0,17300.0,64.2,21.153363315611205,27.822580645161292,7.969151670951163,6673.0,0.0,0.0,0.0
17400.0,0.5339146,0.0,17400.0,64.3,21.157940300880735,28.6,7.512953367875654,6773.0,0.0,0.0,0.0
17500.0,0.536920517,0.0,17500.0,65.4,23.54875203280775,30.938123752495017,10.362694300518143,6873.0,0.0,0.0,0.0
17600.0,0.539766343,0.0,17600.0,65.0,23.27623623904494,28.278688524590166,10.485933503836325,6973.0,0.0,0.0,0.0
17700.0,0.54266682,0.0,17700.0,64.9,23.878344147957943,30.90551181102363,11.363636363636372,7073.0,0.0,0.0,0.0
17800.0,0.545516684,0.0,17800.0,63.4,21.234763446043658,27.091633466135463,9.405940594059414,7173.0,0.0,0.0,0.0
17900.0,0.548411886,0.0,17900.0,62.3,19.35414866217731,25.346534653465348,7.1428571428571495,7273.0,0.0,0.0,0.0
18000.0,0.5512507,0.0,18000.0,61.6,17.90381063145651,22.424242424242422,4.950495049504955,7373.0,0.0,0.0,0.0
18100.0,0.554006113,0.0,18100.0,61.9,18.163072428902822,21.118012422360245,3.5443037974683573,7473.0,0.0,0.0,0.0
18200.0,0.556763826,0.0,18200.0,61.9,18.689123549849327,22.560975609756095,5.459057071960302,7573.0,0.0,0.0,0.0
18300.0,0.559541591,0.0,18300.0,61.0,17.139749124655804,20.731707317073166,3.940886699507393,7673.0,0.0,0.0,0.0
18400.0,0.562316728,0.0,18400.0,60.9,16.988662901787606,22.420634920634917,4.634146341463418,7773.0,0.0,0.0,0.0
18500.0,0.565114492,0.0,18500.0,60.4,15.869623410339525,22.352941176470587,3.178484107579465,7873.0,0.0,0.0,0.0
18600.0,0.56787918,0.0,18600.0,60.9,16.69436419263842,21.799999999999997,3.6945812807881806,7973.0,0.0,0.0,0.0
18700.0,0.570830971,0.0,18700.0,61.4,16.47914142288385,19.58333333333333,1.0256410256410264,8073.0,0.0,0.0,0.0
18800.0,0.573606272,0.0,18800.0,62.0,17.359685444865864,22.131147540983605,3.061224489795921,8173.0,0.0,0.0,0.0
18900.0,0.576393036,0.0,18900.0,62.7,19.078404998481368,22.614107883817425,5.569620253164562,8273.0,0.0,0.0,0.0
19000.0,0.579209212,0.0,19000.0,62.9,19.404593286467787,22.38493723849372,5.1150895140665,8373.0,0.0,0.0,0.0
19100.0,0.581964564,0.0,19100.0,62.5,18.714342691660736,21.71189979123173,4.336734693877554,8473.0,0.0,0.0,0.0
19200.0,0.584744314,0.0,19200.0,63.0,19.382952762768006,22.105263157894733,4.145077720207258,8573.0,0.0,0.0,0.0
19300.0,0.587499627,0.0,19300.0,62.9,19.17352203011712,23.505154639175256,4.381443298969076,8673.0,0.0,0.0,0.0
19400.0,0.590293341,0.0,19400.0,62.7,19.223506176261665,20.299145299145295,4.846938775510208,8773.0,0.0,0.0,0.0
19500.0,0.593089792,0.0,19500.0,61.5,16.3399942633139,17.910447761194025,2.035623409669213,8873.0,0.0,0.0,0.0
19600.0,0.595865579,0.0,19600.0,60.8,15.466594209461695,19.836400817995905,2.729528535980151,8973.0,0.0,0.0,0.0
19700.0,0.59867108,0.0,19700.0,59.0,13.05896722535115,18.650793650793645,3.7558685446009417,9073.0,0.0,0.0,0.0
19800.0,0.601453555,0.0,19800.0,58.8,12.506848675073371,18.897637795275585,2.6004728132387727,9173.0,0.0,0.0,0.0
19900.0,0.60419733,0.0,19900.0,57.9,10.462109095858715,17.933723196881086,1.63551401869159,9273.0,0.0,0.0,0.0
20000.0,0.607349374,0.0,20000.0,56.89999999999999,9.788096214867576,16.310679611650478,4.008908685968799,9373.0,0.0,0.0,0.0
20100.0,0.610566393,0.0,20100.0,55.50000000000001,8.384939719349099,14.587332053742816,4.914529914529919,9473.0,0.0,0.0,0.0
20200.0,0.627030319,0.0,20200.0,54.1,7.625801985139635,10.176125244618405,6.896551724137938,9573.0,0.0,0.0,1.0
20300.0,0.630396803,0.0,20300.0,52.400000000000006,6.504240700511089,4.609218436873752,4.2253521126760605,9673.0,0.0,0.0,0.0
20400.0,0.63365821,0.0,20400.0,50.7,3.6544850498338963,2.3762376237623783,0.6048387096774198,9773.0,0.0,0.0,0.0
20500.0,0.636943392,0.0,20500.0,49.9,4.2072335966837775,-1.4170040485829971,-2.6639344262295106,9873.0,0.0,0.0,0.0
20600.0,0.640087324,0.0,20600.0,49.4,4.71706995574805,-4.761904761904766,-7.430997876857756,9973.0,0.0,0.0,0.0
20700.0,0.643386773,0.0,20700.0,49.1,4.81355425066389,-6.263048016701466,-12.114537444933934,10073.0,0.0,0.0,0.0
20800.0,0.646298038,0.0,20800.0,47.699999999999996,3.751306626621313,-13.44902386117138,-18.325791855203637,10173.0,0.0,0.0,0.0
20900.0,0.649362793,0.0,20900.0,46.800000000000004,2.5673146306532075,-16.157205240174676,-24.590163934426208,10273.0,0.0,0.0,0.0
21000.0,0.652617325,0.0,21000.0,46.9,2.799235573649252,-14.686825053995694,-31.435643564356436,10373.0,0.0,0.0,0.0
21100.0,0.655844642,0.0,21100.0,47.099999999999994,3.5298236911787106,-16.00877192982458,-39.21052631578948,10473.0,0.0,0.0,0.0
21200.0,0.658984522,0.0,21200.0,47.199999999999996,3.874162540052426,-17.857142857142875,-53.48837209302327,10573.0,0.0,0.0,0.0
21300.0,0.661947175,0.0,21300.0,47.9,4.728815418937204,-18.409090909090928,-55.52238805970151,10673.0,0.0,0.0,0.0
21400.0,0.664809178,0.0,21400.0,48.3,4.990480670984049,-16.441441441441455,-54.790419161676674,10773.0,0.0,0.0,0.0
21500.0,0.667758305,0.0,21500.0,48.4,4.650681488927647,-15.436241610738271,-54.49101796407187,10873.0,0.0,0.0,0.0
21600.0,0.670710359,0.0,21600.0,48.199999999999996,4.004032571913573,-16.666666666666682,-52.80235988200592,10973.0,0.0,0.0,0.0
21700.0,0.673711762,0.0,21700.0,47.5,3.601803839769666,-19.047619047619065,-58.61027190332329,11073.0,0.0,0.0,0.0
21800.0,0.677095221,0.0,21800.0,49.9,5.9741156687286,-12.331838565022434,-52.27963525835868,1606.0,0.0,1.0,0.0
21900.0,0.679832096,0.0,21900.0,54.50000000000001,12.023573815121894,-4.357798165137592,-41.74454828660437,1706.0,0.0,0.0,0.0
22000.0,0.683076841,0.0,22000.0,56.89999999999999,14.274575947554327,3.363228699551548,-31.804281345565784,41.0,0.0,1.0,0.0
22100.0,0.685805742,0.0,22100.0,60.099999999999994,18.324067174872457,9.318181818181802,-22.39263803680984,141.0,0.0,0.0,0.0
22200.0,0.688503629,0.0,22200.0,62.9,22.05096312233167,17.55555555555555,-11.411411411411423,241.0,0.0,0.0,1.0
22300.0,0.691387356,0.0,22300.0,66.2,27.228257827268322,25.877192982456144,-0.2967359050445107,341.0,0.0,0.0,0.0
22400.0,0.694217383,0.0,22400.0,70.3,33.63128491620111,33.999999999999986,8.61538461538459,441.0,0.0,0.0,0.0
22500.0,0.697139286,0.0,22500.0,74.2,40.824330833275994,41.628959276018094,21.10091743119265,541.0,0.0,0.0,0.0
22600.0,0.699924087,0.0,22600.0,77.7,46.6343760768848,50.22321428571429,30.95975232198142,641.0,0.0,0.0,0.0
22700.0,0.70282334,0.0,22700.0,82.0,55.45877462139956,59.821428571428555,45.45454545454543,741.0,0.0,0.0,0.0
22800.0,0.705621728,0.0,22800.0,84.1,60.44579332305089,64.66666666666666,51.96374622356495,841.0,0.0,0.0,0.0
22900.0,0.70876617,0.0,22900.0,83.2,58.949698720110234,63.076923076923066,51.020408163265294,941.0,0.0,0.0,0.0
23000.0,0.711771987,0.0,23000.0,84.39999999999999,61.34480434524045,64.13793103448275,53.571428571428555,1041.0,0.0,0.0,0.0
23100.0,0.714726016,0.0,23100.0,85.3,63.45101939333664,65.97222222222221,56.379821958456965,1141.0,0.0,0.0,0.0
23200.0,0.717481804,0.0,23200.0,86.4,65.87441785771638,67.77251184834124,59.03614457831324,1241.0,0.0,0.0,0.0
23300.0,0.720383493,0.0,23300.0,86.8,67.06603260462772,69.23076923076923,60.36036036036035,1341.0,0.0,0.0,0.0
23400.0,0.723318946,0.0,23400.0,86.4,65.73530523292433,68.22429906542055,58.912386706948624,1441.0,0.0,0.0,0.0
23500.0,0.726255874,0.0,23500.0,86.7,66.4168552036199,69.21296296296296,59.57446808510638,1541.0,0.0,0.0,0.0
23600.0,0.729129526,0.0,23600.0,87.0,67.33668341708542,69.83758700696056,60.606060606060595,1641.0,0.0,0.0,0.0
23700.0,0.731856901,0.0,23700.0,87.4,68.37555782002178,70.62937062937064,61.702127659574465,1741.0,0.0,0.0,0.0
23800.0,0.734801729,0.0,23800.0,86.9,67.36389998903825,68.88361045130641,60.778443113772454,1841.0,0.0,0.0,0.0
23900.0,0.737628393,0.0,23900.0,87.6,68.85799244555172,70.47619047619048,62.19512195121951,1941.0,0.0,0.0,0.0
24000.0,0.740456769,0.0,24000.0,88.2,70.09811871553681,72.23529411764706,63.35403726708074,2041.0,0.0,0.0,0.0
24100.0,0.743239545,0.0,24100.0,88.4,70.29951403860039,72.8337236533958,63.406940063091476,2141.0,0.0,0.0,0.0
24200.0,0.746165585,0.0,24200.0,87.8,68.97253306205494,72.14611872146118,62.11180124223602,2241.0,0.0,0.0,0.0
24300.0,0.748979049,0.0,24300.0,88.1,69.59632089933572,72.19626168224299,62.69592476489028,2341.0,0.0,0.0,0.0
24400.0,0.751766749,0.0,24400.0,88.0,69.08236458075686,71.29186602870814,62.0253164556962,2441.0,0.0,0.0,0.0
24500.0,0.754587676,0.0,24500.0,88.1,68.7316068275456,70.76167076167077,61.363636363636374,2541.0,0.0,0.0,0.0
24600.0,0.757385739,0.0,24600.0,87.8,68.18276653452952,70.09803921568628,60.897435897435905,2641.0,0.0,0.0,0.0
24700.0,0.760197515,0.0,24700.0,87.3,66.53844127101229,68.01007556675063,59.03225806451614,2741.0,0.0,0.0,0.0
24800.0,0.762949041,0.0,24800.0,87.3,66.71558863612539,68.40796019900498,59.29487179487181,2841.0,0.0,0.0,0.0
24900.0,0.765744379,0.0,24900.0,87.0,66.00845082207253,68.3698296836983,58.598726114649665,2941.0,0.0,0.0,0.0
25000.0,0.768674208,0.0,25000.0,87.1,66.81757382446753,68.99038461538461,59.68749999999999,3041.0,0.0,0.0,0.0
25100.0,0.771463883,0.0,25100.0,87.3,68.09718551863425,70.18779342723005,61.398176291793305,3141.0,0.0,0.0,0.0
25200.0,0.774238134,0.0,25200.0,87.3,67.9454820797577,69.61722488038278,61.16207951070336,3241.0,0.0,0.0,0.0
25300.0,0.777028147,0.0,25300.0,87.3,67.63374653400749,69.39759036144578,60.68111455108358,3341.0,0.0,0.0,0.0
25400.0,0.779778098,0.0,25400.0,87.6,68.01139207198467,70.12048192771084,60.88328075709779,3441.0,0.0,0.0,0.0
25500.0,0.782526186,0.0,25500.0,86.8,66.03732806397332,68.79432624113475,58.87850467289719,3541.0,0.0,0.0,0.0
25600.0,0.785341074,0.0,25600.0,87.1,66.47748534364474,69.78922716627635,59.17721518987341,3641.0,0.0,0.0,0.0
25700.0,0.788139725,0.0,25700.0,87.5,67.6407240193845,71.395881006865,60.443037974683534,3741.0,0.0,0.0,0.0
25800.0,0.790913988,0.0,25800.0,87.6,67.84816034433582,72.25950782997762,60.63492063492063,3841.0,0.0,0.0,0.0
25900.0,0.793702914,0.0,25900.0,86.9,66.15476830226116,70.42889390519187,58.93416927899686,3941.0,0.0,0.0,0.0
26000.0,0.796506928,0.0,26000.0,86.5,65.34480634164372,69.73094170403587,58.204334365325074,4041.0,0.0,0.0,0.0
26100.0,0.799298167,0.0,26100.0,86.8,65.14041546286661,69.79405034324942,57.556270096463024,4141.0,0.0,0.0,0.0
26200.0,0.802063167,0.0,26200.0,87.5,67.72294408064616,72.22222222222221,60.56782334384857,4241.0,0.0,0.0,0.0
26300.0,0.805026008,0.0,26300.0,87.2,67.26878464906,72.0524017467249,60.24844720496893,4341.0,0.0,0.0,0.0
26400.0,0.807845434,0.0,26400.0,86.8,67.38679263929791,71.55172413793103,60.94674556213017,4441.0,0.0,0.0,0.0
26500.0,0.810599559,0.0,26500.0,87.2,68.61514319340917,72.88135593220339,62.35294117647059,4541.0,0.0,0.0,0.0
26600.0,0.81336326,0.0,26600.0,87.4,68.80956506671288,72.48908296943232,62.38805970149254,4641.0,0.0,0.0,0.0
26700.0,0.816191136,0.0,26700.0,86.9,67.51314353734749,71.58351409978307,61.01190476190476,4741.0,0.0,0.0,0.0
26800.0,0.818899986,0.0,26800.0,87.1,67.30502134044343,71.20535714285714,60.42944785276073,4841.0,0.0,0.0,0.0
26900.0,0.821674387,0.0,26900.0,88.4,70.4448056745973,73.69614512471655,63.63636363636363,4941.0,0.0,0.0,0.0
27000.0,0.824502351,0.0,27000.0,88.0,68.92544177663608,71.83098591549296,61.78343949044586,5041.0,0.0,0.0,0.0
27100.0,0.827306252,0.0,27100.0,87.1,67.22560975609755,70.06960556844548,60.30769230769231,5141.0,0.0,0.0,0.0
27200.0,0.830045477,0.0,27200.0,86.3,65.20228394936296,68.13953488372093,58.231707317073166,5241.0,0.0,0.0,0.0
27300.0,0.832824778,0.0,27300.0,86.8,66.12257468432398,68.57142857142857,59.00621118012421,5341.0,0.0,0.0,0.0
27400.0,0.835622179,0.0,27400.0,87.4,67.26677577741407,69.71153846153847,60.0,5441.0,0.0,0.0,0.0
27500.0,0.838568457,0.0,27500.0,87.9,68.71606598066083,70.63106796116504,61.58730158730158,5541.0,0.0,0.0,0.0
27600.0,0.841447809,0.0,27600.0,87.4,68.14964610717897,69.92840095465394,61.34969325153373,5641.0,0.0,0.0,0.0
27700.0,0.844278298,0.0,27700.0,88.0,69.68227019160805,70.73170731707317,62.962962962962955,5741.0,0.0,0.0,0.0
27800.0,0.847100162,0.0,27800.0,87.7,69.20781470614742,70.14563106796116,62.61398176291792,5841.0,0.0,0.0,0.0
27900.0,0.849857637,0.0,27900.0,86.6,66.61101836393989,67.86570743405275,60.0,5941.0,0.0,0.0,0.0
28000.0,0.852695863,0.0,28000.0,86.3,66.16949822204661,67.99065420560748,59.70588235294117,6041.0,0.0,0.0,0.0
28100.0,0.85550904,0.0,28100.0,86.1,66.00303282297119,67.37089201877934,59.71014492753623,6141.0,0.0,0.0,0.0
28200.0,0.858283003,0.0,28200.0,86.7,67.11339696355274,68.10551558752998,60.650887573964496,6241.0,0.0,0.0,0.0
28300.0,0.861086804,0.0,28300.0,86.1,66.2240970413281,67.5233644859813,60.05747126436781,6341.0,0.0,0.0,0.0
28400.0,0.863966669,0.0,28400.0,85.9,66.19191483239821,68.24324324324323,60.281690140845065,6441.0,0.0,0.0,0.0
28500.0,0.866783482,0.0,28500.0,86.0,65.95595673488444,68.03652968036529,59.77011494252873,6541.0,0.0,0.0,0.0
28600.0,0.869538982,0.0,28600.0,86.3,66.32086139928217,69.00452488687783,59.94152046783625,6641.0,0.0,0.0,0.0
28700.0,0.872279757,0.0,28700.0,85.5,64.26811237062591,67.63392857142856,57.72594752186588,6741.0,0.0,0.0,0.0
28800.0,0.875237198,0.0,28800.0,85.7,64.89384684879312,68.57142857142856,58.43023255813953,6841.0,0.0,0.0,0.0
28900.0,0.878115825,0.0,28900.0,86.8,67.86507225489812,71.1159737417943,61.627906976744185,6941.0,0.0,0.0,0.0
29000.0,0.880925714,0.0,29000.0,87.0,68.39996888612319,72.28144989339019,62.2093023255814,7041.0,0.0,0.0,0.0
29100.0,0.883639127,0.0,29100.0,87.5,69.66608425548438,73.46072186836517,63.55685131195335,7141.0,0.0,0.0,0.0
29200.0,0.886425941,0.0,29200.0,87.5,69.11414423941726,73.0603448275862,62.5748502994012,7241.0,0.0,0.0,0.0
29300.0,0.889273768,0.0,29300.0,87.5,68.81393144054687,72.58771929824562,62.00607902735562,7341.0,0.0,0.0,0.0
29400.0,0.892023731,0.0,29400.0,87.1,67.70575688693509,71.20535714285714,60.790273556231,7441.0,0.0,0.0,0.0
29500.0,0.894759294,0.0,29500.0,85.1,63.92112043081571,67.6086956521739,57.54985754985754,7541.0,0.0,0.0,0.0
29600.0,0.897785012,0.0,29600.0,84.2,62.35029476383149,65.42669584245075,56.2326869806094,7641.0,0.0,0.0,0.0
29700.0,0.900515824,0.0,29700.0,83.5,61.286871322252765,64.51612903225805,55.52560646900269,7741.0,0.0,0.0,0.0
29800.0,0.903463977,0.0,29800.0,82.19999999999999,58.625434665377384,62.68343815513626,52.9100529100529,7841.0,0.0,0.0,1.0
29900.0,0.90628569,0.0,29900.0,79.7,52.76872964169381,57.62004175365345,46.99738903394257,7941.0,0.0,0.0,0.0
30000.0,0.909235169,0.0,30000.0,77.9,49.2388118666336,53.66876310272537,43.765903307888046,8041.0,0.0,0.0,0.0
30100.0,0.912184234,0.0,30100.0,74.2,42.45875095344512,46.02510460251046,38.1294964028777,8141.0,0.0,0.0,0.0
30200.0,0.91538824,0.0,30200.0,71.2,38.865184996497476,41.46341463414633,36.141906873614175,463.0,0.0,1.0,0.0
30300.0,0.91861856,0.0,30300.0,68.30000000000001,34.58144506905064,37.103174603174615,32.69639065817411,28.0,0.0,1.0,1.0
30400.0,0.921832592,0.0,30400.0,64.7,28.897160720616206,30.237154150197632,28.252032520325205,62.0,0.0,1.0,1.0
30500.0,0.924677469,0.0,30500.0,63.800000000000004,27.953030152253948,29.01960784313726,27.16297786720322,162.0,0.0,0.0,2.0
30600.0,0.928194429,0.0,30600.0,61.7,23.965695227507354,24.901960784313726,24.45759368836292,19.0,0.0,2.0,1.0
30700.0,0.931346448,0.0,30700.0,59.199999999999996,19.512657029227938,19.36758893280632,19.526627218934905,51.0,0.0,1.0,0.0
30800.0,0.934205098,0.0,30800.0,57.9,16.68315851969126,15.461847389558226,17.125984251968497,151.0,0.0,0.0,1.0
30900.0,0.937089926,0.0,30900.0,57.699999999999996,15.26781779576138,14.717741935483861,15.230460921843678,251.0,0.0,0.0,1.0
31000.0,0.93994129,0.0,31000.0,56.99999999999999,12.150235355648528,10.973084886128351,12.065439672801624,351.0,0.0,0.0,0.0
31100.0,0.942884781,0.0,31100.0,57.99999999999999,12.696433025692198,13.402061855670091,10.828025477706992,451.0,0.0,0.0,1.0
31200.0,0.945679645,0.0,31200.0,58.5,12.975280785780777,13.361169102296442,8.38852097130241,551.0,0.0,0.0,0.0
31300.0,0.948607086,0.0,31300.0,58.8,12.376220777894991,13.807531380753128,5.7208237986270065,651.0,0.0,0.0,0.0
31400.0,0.951595553,0.0,31400.0,60.3,15.116527688689327,14.989293361884359,4.106280193236718,751.0,0.0,0.0,0.0
31500.0,0.95456038,0.0,31500.0,59.599999999999994,13.831715900607863,14.947368421052623,1.4634146341463425,851.0,0.0,0.0,1.0
31600.0,0.957358868,0.0,31600.0,59.9,13.051397248868154,15.400843881856533,0.0,951.0,0.0,0.0,0.0
31700.0,0.960121144,0.0,31700.0,61.6,16.265073377090655,20.166320166320162,3.7593984962406046,1051.0,0.0,0.0,1.0
31800.0,0.962971721,0.0,31800.0,62.7,18.35144340638654,20.974576271186436,4.60358056265985,1151.0,0.0,0.0,0.0
31900.0,0.965707659,0.0,31900.0,63.4,19.437205043319018,20.08733624454148,5.67010309278351,1251.0,0.0,0.0,0.0
32000.0,0.968454284,0.0,32000.0,64.0,20.712879311787805,22.912205567451817,7.4550128534704445,1351.0,0.0,0.0,0.0
32100.0,0.971237873,0.0,32100.0,64.60000000000001,21.702202954967706,23.870967741935484,8.290155440414516,1451.0,0.0,0.0,0.0
32200.0,0.974123987,0.0,32200.0,65.4,22.82883614286926,26.382978723404253,9.186351706036753,1551.0,0.0,0.0,0.0
32300.0,0.976790373,0.0,32300.0,65.8,23.036762323119582,26.451612903225808,9.52380952380953,1651.0,0.0,0.0,0.0
32400.0,0.979509511,0.0,32400.0,65.8,23.54842603645534,27.848101265822788,11.627906976744196,1751.0,0.0,0.0,0.0
32500.0,0.982286998,0.0,32500.0,67.4,25.082271615832923,28.66520787746171,10.928961748633888,1851.0,0.0,0.0,0.0
32600.0,0.985183101,0.0,32600.0,67.2,24.331906097741037,29.764453961456105,10.869565217391314,1951.0,0.0,0.0,0.0
32700.0,0.987941288,0.0,32700.0,67.0,24.27892889103051,28.260869565217394,10.569105691056919,2051.0,0.0,0.0,0.0
32800.0,0.990690512,0.0,32800.0,66.2,22.835278432232027,28.23779193205945,10.582010582010591,2151.0,0.0,0.0,0.0
32900.0,0.993456238,0.0,32900.0,64.9,21.113668236901727,28.803245436105477,9.768637532133685,2251.0,0.0,0.0,0.0
33000.0,0.9962247,0.0,33000.0,65.60000000000001,23.093432536843622,28.925619834710748,12.244897959183684,2351.0,0.0,0.0,0.0
33100.0,0.999028939,0.0,33100.0,64.7,21.63218186661932,28.397565922920897,10.632911392405072,2451.0,0.0,0.0,0.0
33200.0,1.001831477,0.0,33200.0,63.7,19.19686581782566,25.46201232032854,7.397959183673477,2551.0,0.0,0.0,0.0
33300.0,1.004547352,0.0,33300.0,63.7,19.100342319212665,25.0,6.44329896907217,2651.0,0.0,0.0,0.0
33400.0,1.007281239,0.0,33400.0,64.4,19.164763102801526,25.678496868475992,4.043126684636123,2751.0,0.0,0.0,0.0
33500.0,1.010048102,0.0,33500.0,63.5,17.829806393516442,24.742268041237114,2.9255319148936194,2851.0,0.0,0.0,0.0
33600.0,1.012760364,0.0,33600.0,63.2,16.865466637750316,22.851153039832283,1.0752688172043021,2951.0,0.0,0.0,0.0
33700.0,1.015529802,0.0,33700.0,63.5,17.569264401665773,24.116424116424113,2.4064171122994673,3051.0,0.0,0.0,0.0
33800.0,1.018449617,0.0,33800.0,63.4,17.906296542195268,23.430962343096233,3.174603174603177,3151.0,0.0,0.0,0.0
33900.0,1.02122823,0.0,33900.0,64.5,20.134983127109116,24.947145877378436,5.3333333333333375,3251.0,0.0,0.0,0.0
34000.0,1.023932368,0.0,34000.0,64.4,19.59345002823264,24.735729386892178,5.066666666666672,3351.0,0.0,0.0,0.0
34100.0,1.026711293,0.0,34100.0,65.3,20.864425024173983,25.21551724137931,5.70652173913044,3451.0,0.0,0.0,0.0
34200.0,1.029490044,0.0,34200.0,66.4,23.436951696919706,29.55974842767296,9.433962264150953,3551.0,0.0,0.0,0.0
34300.0,1.032204844,0.0,34300.0,66.9,25.028312570781434,31.04166666666667,11.733333333333345,3651.0,0.0,0.0,0.0
34400.0,1.035023219,0.0,34400.0,66.3,24.16809929703604,29.64509394572025,10.610079575596826,3751.0,0.0,0.0,0.0
34500.0,1.037798045,0.0,34500.0,66.60000000000001,25.524893415865435,30.125523012552307,13.471502590673587,3851.0,0.0,0.0,0.0
34600.0,1.04053552,0.0,34600.0,67.2,26.26827557681588,30.508474576271194,13.227513227513239,3951.0,0.0,0.0,0.0
34700.0,1.043298471,0.0,34700.0,67.0,25.655582589889175,30.526315789473692,12.698412698412708,4051.0,0.0,0.0,0.0
34800.0,1.04607287,0.0,34800.0,67.5,26.41931481665958,29.80561555075594,12.398921832884108,4151.0,0.0,0.0,0.0
34900.0,1.048784283,0.0,34900.0,66.60000000000001,24.337500056633615,27.705627705627705,9.973045822102435,4251.0,0.0,0.0,0.0
35000.0,1.051535446,0.0,35000.0,66.10000000000001,23.72561019511844,26.30434782608696,8.870967741935491,4351.0,0.0,0.0,0.0
35100.0,1.054442598,0.0,35100.0,64.60000000000001,20.65021989303471,24.034334763948497,6.100795755968176,4451.0,0.0,0.0,0.0
35200.0,1.057243174,0.0,35200.0,63.800000000000004,19.77092604741052,21.81425485961123,6.217616580310886,4551.0,0.0,0.0,0.0
35300.0,1.059975674,0.0,35300.0,63.4,20.011888943282745,21.12068965517241,8.040201005025132,4651.0,0.0,0.0,0.0
35400.0,1.062707712,0.0,35400.0,64.60000000000001,23.442906574394474,24.840764331210192,12.807881773399025,4751.0,0.0,0.0,0.0
35500.0,1.065486438,0.0,35500.0,65.0,23.979148566463955,25.213675213675213,12.50000000000001,4851.0,0.0,0.0,0.0
35600.0,1.068226238,0.0,35600.0,65.60000000000001,26.001454157470633,27.426160337552748,15.892420537897323,4951.0,0.0,0.0,0.0
35700.0,1.070985376,0.0,35700.0,65.0,24.710781846263725,24.892703862660944,14.425427872860647,5051.0,0.0,0.0,0.0
35800.0,1.073707563,0.0,35800.0,64.4,23.68899406660494,25.366876310272534,12.745098039215696,5151.0,0.0,0.0,0.0
35900.0,1.076461389,0.0,35900.0,64.9,24.819438137749636,25.949367088607595,14.180929095354536,5251.0,0.0,0.0,0.0
36000.0,1.079264102,0.0,36000.0,64.1,22.73920716222614,24.89539748953975,11.358024691358034,5351.0,0.0,0.0,0.0
36100.0,1.082022341,0.0,36100.0,66.0,26.09723864505809,28.870292887029294,14.141414141414153,5451.0,0.0,0.0,0.0
36200.0,1.084799567,0.0,36200.0,66.2,26.0380925705483,29.140461215932916,12.88659793814434,5551.0,0.0,0.0,0.0
36300.0,1.087675231,0.0,36300.0,65.60000000000001,24.773555280502794,28.925619834710748,11.11111111111112,5651.0,0.0,0.0,0.0
36400.0,1.090521808,0.0,36400.0,64.3,22.17881868754688,25.625000000000004,8.928571428571436,5751.0,0.0,0.0,0.0
36500.0,1.093287734,0.0,36500.0,63.4,20.689610338954395,23.75,7.808564231738043,5851.0,0.0,0.0,0.0
36600.0,1.096015321,0.0,36600.0,62.9,18.974403773914574,24.746450304259636,5.357142857142862,5951.0,0.0,0.0,0.0
36700.0,1.09881871,0.0,36700.0,63.5,20.17879948914432,24.58677685950413,6.649616368286451,6051.0,0.0,0.0,0.0
36800.0,1.101592035,0.0,36800.0,64.3,21.611509274873537,26.239669421487605,7.989690721649491,6151.0,0.0,0.0,0.0
36900.0,1.104355786,0.0,36900.0,64.4,21.746890757780264,27.198364008179958,8.483290488431884,6251.0,0.0,0.0,0.0
37000.0,1.107149424,0.0,37000.0,64.9,23.117361019844935,29.233870967741936,10.913705583756354,6351.0,0.0,0.0,0.0
37100.0,1.109941912,0.0,37100.0,63.9,21.7259323503903,28.08764940239044,10.42183622828785,6451.0,0.0,0.0,0.0
37200.0,1.11269775,0.0,37200.0,63.0,19.8756123019087,26.294820717131472,8.188585607940453,6551.0,0.0,0.0,0.0
37300.0,1.115448038,0.0,37300.0,64.1,20.89444366097871,27.766599597585518,7.712082262210804,6651.0,0.0,0.0,0.0
37400.0,1.118157663,0.0,37400.0,64.4,21.41835455332074,28.800000000000004,7.772020725388608,6751.0,0.0,0.0,0.0
37500.0,1.120900113,0.0,37500.0,65.3,23.43065951136846,30.738522954091824,10.567010309278361,6851.0,0.0,0.0,0.0
37600.0,1.123827115,0.0,37600.0,65.0,23.27623623904494,28.42535787321064,10.485933503836325,6951.0,0.0,0.0,0.0
37700.0,1.126761431,0.0,37700.0,64.9,23.781811864848443,31.041257367387036,11.139240506329124,7051.0,0.0,0.0,0.0
37800.0,1.129528419,0.0,37800.0,63.5,21.447940429561395,27.579365079365083,9.876543209876552,7151.0,0.0,0.0,0.0
37900.0,1.132274394,0.0,37900.0,62.5,19.624485596707814,25.447316103379723,7.407407407407414,7251.0,0.0,0.0,0.0
38000.0,1.135024344,0.0,38000.0,61.8,18.170795971089863,22.983870967741936,5.210918114143925,7351.0,0.0,0.0,0.0
38100.0,1.137782395,0.0,38100.0,61.8,17.9327650213117,21.23711340206185,3.535353535353538,7451.0,0.0,0.0,0.0
38200.0,1.140521032,0.0,38200.0,61.9,18.598788168835945,22.40325865580448,5.22388059701493,7551.0,0.0,0.0,0.0
38300.0,1.143256032,0.0,38300.0,61.1,17.319186199743243,20.934959349593495,4.187192118226604,7651.0,0.0,0.0,0.0
38400.0,1.146067059,0.0,38400.0,60.9,16.74474065241462,22.574257425742573,4.16666666666667,7751.0,0.0,0.0,0.0
38500.0,1.14896576,0.0,38500.0,60.5,16.04961361569001,22.549019607843135,3.422982885085577,7851.0,0.0,0.0,0.0
38600.0,1.151735611,0.0,38600.0,61.0,16.849668464703736,21.686746987951803,3.703703703703707,7951.0,0.0,0.0,0.0
38700.0,1.154646314,0.0,38700.0,61.6,16.88995277444711,19.999999999999996,1.2853470437018006,8051.0,0.0,0.0,0.0
38800.0,1.157742168,0.0,38800.0,61.9,17.153741780607447,21.604938271604933,2.55754475703325,8151.0,0.0,0.0,0.0
38900.0,1.160909311,0.0,38900.0,62.4,18.53889984184415,21.991701244813274,4.810126582278485,8251.0,0.0,0.0,0.0
39000.0,1.163793425,0.0,39000.0,62.7,19.046792256272237,22.129436325678494,4.60358056265985,8351.0,0.0,0.0,0.0
39100.0,1.166695153,0.0,39100.0,62.3,18.28081918601626,21.129707112970706,3.8265306122449014,8451.0,0.0,0.0,0.0
39200.0,1.169669594,0.0,39200.0,62.7,18.817035798857777,21.47368421052631,3.8659793814433026,8551.0,0.0,0.0,0.0
39300.0,1.172440032,0.0,39300.0,62.6,18.480156239101618,22.88659793814433,3.6082474226804155,8651.0,0.0,0.0,0.0
39400.0,1.175325772,0.0,39400.0,62.5,18.790388246911863,19.87179487179487,4.336734693877554,8751.0,0.0,0.0,0.0
39500.0,1.178873318,0.0,39500.0,61.0,15.184940324993908,17.021276595744673,0.5102040816326534,8851.0,0.0,0.0,0.0
39600.0,1.181815672,0.0,39600.0,60.3,14.352531022937132,18.979591836734688,1.4888337468982642,8951.0,0.0,0.0,0.0
39700.0,1.184835223,0.0,39700.0,58.4,11.78665942864897,17.460317460317455,2.3474178403755888,9051.0,0.0,0.0,0.0
39800.0,1.187806539,0.0,39800.0,58.4,11.756720065164272,18.431372549019603,1.88679245283019,9151.0,0.0,0.0,0.0
39900.0,1.190786592,0.0,39900.0,57.599999999999994,9.957739599481828,17.50972762645914,1.1655011655011664,9251.0,0.0,0.0,0.0
40000.0,1.19394661,0.0,40000.0,56.699999999999996,9.40816121581359,15.758754863813222,3.5634743875278185,9351.0,0.0,0.0,0.0
40100.0,1.196937914,0.0,40100.0,55.50000000000001,8.338139573205913,14.587332053742816,4.710920770877949,9451.0,0.0,0.0,0.0
40200.0,1.200149559,0.0,40200.0,54.0,7.347728005156314,9.980430528375743,6.504065040650413,9551.0,0.0,0.0,1.0
40300.0,1.203246563,0.0,40300.0,52.2,6.183268433613874,3.822937625754531,3.629032258064519,9651.0,0.0,0.0,0.0
40400.0,1.206171766,0.0,40400.0,50.5,3.412372582382428,1.980198019801982,0.2016129032258066,9751.0,0.0,0.0,0.0
40500.0,1.209092393,0.0,40500.0,50.1,4.589639849790828,-0.8080808080808087,-2.25409836065574,9851.0,0.0,0.0,0.0
40600.0,1.212168659,0.0,40600.0,49.4,4.818515620297372,-4.761904761904766,-7.203389830508482,9951.0,0.0,0.0,0.0
40700.0,1.215050548,0.0,40700.0,49.2,5.032528228520163,-6.276150627615068,-11.403508771929834,10051.0,0.0,0.0,0.0
40800.0,1.217927614,0.0,40800.0,47.8,4.083965117432825,-13.725490196078443,-18.367346938775526,10151.0,0.0,0.0,0.0
40900.0,1.220881819,0.0,40900.0,46.800000000000004,2.772091935200892,-16.41137855579869,-24.882629107981202,10251.0,0.0,0.0,0.0
41000.0,1.223863472,0.0,41000.0,46.9,2.9080057926070975,-14.686825053995694,-31.76178660049628,10351.0,0.0,0.0,0.0
41100.0,1.226971865,0.0,41100.0,47.0,3.512860097288162,-16.4835164835165,-39.47368421052632,10451.0,0.0,0.0,0.0
41200.0,1.229878893,0.0,41200.0,47.3,4.109987845440574,-17.897091722595096,-53.644314868804685,10551.0,0.0,0.0,0.0
41300.0,1.232924085,0.0,41300.0,48.0,4.8542623460743135,-18.181818181818198,-55.223880597014954,10651.0,0.0,0.0,0.0
41400.0,1.235876114,0.0,41400.0,48.199999999999996,4.864753676848702,-16.666666666666682,-55.08982035928146,10751.0,0.0,0.0,0.0
41500.0,1.238861918,0.0,41500.0,48.199999999999996,4.281110486946746,-15.883668903803146,-55.08982035928146,10851.0,0.0,0.0,0.0
41600.0,1.241739357,0.0,41600.0,48.1,3.862540103583942,-16.89189189189191,-53.55029585798818,10951.0,0.0,0.0,0.0
41700.0,1.245017352,0.0,41700.0,48.0,4.446894524072032,-17.381489841986472,-57.5757575757576,1524.0,0.0,1.0,0.0
41800.0,1.247652025,0.0,41800.0,52.1,9.170206310679612,-7.3991031390134605,-45.592705167173264,1624.0,0.0,0.0,0.0
41900.0,1.250318675,0.0,41900.0,56.8,15.476092647593992,0.9174311926605512,-34.579439252336485,1724.0,0.0,0.0,0.0
42000.0,1.253415504,0.0,42000.0,59.4,18.743770689317007,8.968609865470837,-24.159021406727852,60.0,0.0,1.0,0.0
42100.0,1.256672386,0.0,42100.0,62.6,23.5602137043865,15.384615384615374,-14.373088685015306,38.0,0.0,1.0,0.0
42200.0,1.259404599,0.0,42200.0,65.3,27.267696796425007,23.059866962305986,-3.8922155688622793,138.0,0.0,0.0,0.0
42300.0,1.262506466,0.0,42300.0,67.80000000000001,30.850241379902766,29.540481400437642,4.733727810650892,85.0,0.0,1.0,1.0
42400.0,1.265140602,0.0,42400.0,71.8,37.02545779365787,37.47228381374722,13.496932515337404,185.0,0.0,0.0,0.0
42500.0,1.267854615,0.0,42500.0,75.7,44.217437215922125,44.772727272727266,25.460122699386496,285.0,0.0,0.0,1.0
42600.0,1.270795868,0.0,42600.0,78.9,49.61795606494747,52.79642058165548,35.07692307692308,385.0,0.0,0.0,1.0
42700.0,1.273694783,0.0,42700.0,82.6,56.919816389286396,60.98654708520178,47.11246200607901,485.0,0.0,0.0,0.0
42800.0,1.276537284,0.0,42800.0,83.0,58.32679636021335,62.30598669623058,48.795180722891544,585.0,0.0,0.0,0.0
42900.0,1.279343072,0.0,42900.0,82.1,56.8491697683837,60.83150984682712,47.96511627906975,685.0,0.0,0.0,0.0
43000.0,1.282226238,0.0,43000.0,82.8,57.68112233600203,60.55045871559632,48.961424332344194,785.0,0.0,0.0,1.0
43100.0,1.285107365,0.0,43100.0,83.89999999999999,59.905167003695695,62.731481481481474,52.22551928783381,885.0,0.0,0.0,0.0
43200.0,1.287945254,0.0,43200.0,85.2,62.71194981230002,64.84560570071258,55.287009063444096,985.0,0.0,0.0,0.0
43300.0,1.290750005,0.0,43300.0,86.2,65.45388093104295,67.90697674418604,58.55855855855855,1085.0,0.0,0.0,0.0
43400.0,1.293522568,0.0,43400.0,85.9,64.47002378744506,66.90140845070422,57.5301204819277,1185.0,0.0,0.0,0.0
43500.0,1.32918032,0.0,43500.0,86.0,64.58206840720501,67.74193548387096,57.57575757575757,1285.0,0.0,0.0,2.0
43600.0,1.332136434,0.0,43600.0,86.7,66.33593196314669,69.1415313225058,59.45121951219512,1385.0,0.0,0.0,0.0
43700.0,1.335020149,0.0,43700.0,87.0,67.41348279682556,69.6969696969697,60.7250755287009,1485.0,0.0,0.0,0.0
43800.0,1.338123917,0.0,43800.0,86.9,67.28827272091652,68.88361045130641,60.66066066066066,1585.0,0.0,0.0,0.0
43900.0,1.341252136,0.0,43900.0,87.4,68.22562830037371,69.92840095465394,61.46788990825688,1685.0,0.0,0.0,0.0
44000.0,1.34425114,0.0,44000.0,88.0,69.59130716834252,71.69811320754718,62.732919254658384,1785.0,0.0,0.0,0.0
44100.0,1.347153255,0.0,44100.0,88.0,69.21766700698245,71.83098591549296,62.14511041009463,1885.0,0.0,0.0,0.0
44200.0,1.350111208,0.0,44200.0,87.3,67.61294666081828,71.00456621004567,60.55900621118012,1985.0,0.0,0.0,0.0
44300.0,1.352997936,0.0,44300.0,87.8,68.72372279989334,71.42857142857143,61.63522012578616,2085.0,0.0,0.0,0.0
44400.0,1.355888713,0.0,44400.0,87.8,68.48766627921994,70.88305489260144,61.269841269841265,2185.0,0.0,0.0,0.0
44500.0,1.358841616,0.0,44500.0,88.0,68.50062998740026,70.44334975369459,61.03896103896105,2285.0,0.0,0.0,0.0
44600.0,1.361623929,0.0,44600.0,87.6,67.66117254329231,69.6078431372549,60.25641025641026,2385.0,0.0,0.0,0.0
44700.0,1.364414155,0.0,44700.0,87.1,65.92025868901312,67.58793969849246,58.25242718446603,2485.0,0.0,0.0,0.0
44800.0,1.367196818,0.0,44800.0,86.7,65.00515713473804,66.91542288557214,57.371794871794876,2585.0,0.0,0.0,0.0
44900.0,1.369958344,0.0,44900.0,86.5,64.59777831391018,67.07317073170732,57.00636942675158,2685.0,0.0,0.0,0.0
45000.0,1.372840233,0.0,45000.0,86.7,65.5736516778315,68.02884615384616,58.30721003134796,2785.0,0.0,0.0,0.0
45100.0,1.375775586,0.0,45100.0,86.9,67.05728511793994,69.17647058823529,60.30303030303029,2885.0,0.0,0.0,0.0
45200.0,1.378659988,0.0,45200.0,86.9,66.81998703193386,68.6602870813397,59.938837920489284,2985.0,0.0,0.0,0.0
45300.0,1.381433851,0.0,45300.0,86.7,65.92015579357351,67.8743961352657,58.823529411764696,3085.0,0.0,0.0,0.0
45400.0,1.384327415,0.0,45400.0,87.2,66.76912852039544,69.08212560386474,59.49367088607595,3185.0,0.0,0.0,0.0
45500.0,1.387144679,0.0,45500.0,86.4,64.87875422875294,67.9245283018868,57.63239875389408,3285.0,0.0,0.0,0.0
45600.0,1.389907879,0.0,45600.0,86.6,65.1021673116689,68.69158878504673,57.728706624605664,3385.0,0.0,0.0,0.0
45700.0,1.392719655,0.0,45700.0,87.0,66.0972747424697,70.2517162471396,58.73015873015872,3485.0,0.0,0.0,0.0
45800.0,1.395519831,0.0,45800.0,87.2,66.76912852039544,71.36465324384787,59.49367088607595,3585.0,0.0,0.0,0.0
45900.0,1.398281707,0.0,45900.0,86.9,66.2405937532213,70.56179775280899,59.06249999999999,3685.0,0.0,0.0,0.0
46000.0,1.40101307,0.0,46000.0,86.6,65.63274225069632,69.95515695067263,58.51393188854488,3785.0,0.0,0.0,0.0
46100.0,1.403858884,0.0,46100.0,87.0,65.6448202959831,70.3872437357631,58.06451612903226,3885.0,0.0,0.0,0.0
46200.0,1.40670886,0.0,46200.0,87.7,68.29929588354759,72.66666666666667,61.198738170347,3985.0,0.0,0.0,0.0
46300.0,1.40944701,0.0,46300.0,87.6,68.40667740160208,72.92576419213974,61.490683229813655,4085.0,0.0,0.0,0.0
46400.0,1.412408888,0.0,46400.0,86.9,67.73208268469071,71.88841201716738,61.35693215339233,4185.0,0.0,0.0,0.0
46500.0,1.415257228,0.0,46500.0,87.4,69.08627872399934,73.19148936170212,62.83185840707964,4285.0,0.0,0.0,0.0
46600.0,1.418003903,0.0,46600.0,87.5,69.08236458075685,72.76688453159042,62.686567164179095,4385.0,0.0,0.0,0.0
46700.0,1.420751378,0.0,46700.0,87.1,68.13304084899508,72.07792207792207,61.72106824925816,4485.0,0.0,0.0,0.0
46800.0,1.423577955,0.0,46800.0,87.2,67.50856707704023,71.36465324384787,60.615384615384606,4585.0,0.0,0.0,0.0
46900.0,1.426439444,0.0,46900.0,88.1,69.67071057192375,72.95454545454545,62.81249999999999,4685.0,0.0,0.0,0.0
47000.0,1.429187544,0.0,47000.0,87.8,68.34654821702851,71.36150234741785,61.146496815286625,4785.0,0.0,0.0,0.0
47100.0,1.431968032,0.0,47100.0,86.8,66.37371035536874,69.37354988399072,59.38461538461538,4885.0,0.0,0.0,0.0
47200.0,1.434781909,0.0,47200.0,86.0,64.34683399885908,67.44186046511628,57.3170731707317,4985.0,0.0,0.0,0.0
47300.0,1.437480071,0.0,47300.0,86.6,65.54632219845318,68.0952380952381,58.385093167701854,5085.0,0.0,0.0,0.0
47400.0,1.440236059,0.0,47400.0,87.4,67.18203033838974,69.56521739130434,59.87261146496815,5185.0,0.0,0.0,0.0
47500.0,1.443055785,0.0,47500.0,88.0,69.1597575956947,70.94430992736078,62.14511041009463,5285.0,0.0,0.0,0.0
47600.0,1.445984863,0.0,47600.0,87.7,68.9158453373768,70.50359712230217,62.153846153846146,5385.0,0.0,0.0,0.0
47700.0,1.448854152,0.0,47700.0,88.3,70.44887402632828,71.32352941176471,63.777089783281724,5485.0,0.0,0.0,0.0
47800.0,1.45165234,0.0,47800.0,88.0,70.1728483438474,70.94430992736078,63.74622356495468,5585.0,0.0,0.0,0.0
47900.0,1.454460191,0.0,47900.0,86.9,67.36389998903825,68.6602870813397,60.778443113772454,5685.0,0.0,0.0,0.0
48000.0,1.457200929,0.0,48000.0,86.4,66.51813190871266,68.22429906542055,60.11730205278592,5785.0,0.0,0.0,0.0
48100.0,1.460162707,0.0,48100.0,86.1,66.00303282297119,67.29411764705883,59.71014492753623,5885.0,0.0,0.0,0.0
48200.0,1.46346668,0.0,48200.0,86.9,67.73208268469071,68.73508353221958,61.35693215339233,5985.0,0.0,0.0,0.0
48300.0,1.466520297,0.0,48300.0,86.3,66.75919096238209,67.99065420560748,60.63218390804597,6085.0,0.0,0.0,0.0
48400.0,1.469576364,0.0,48400.0,86.0,66.45501377740504,68.46846846846846,60.56338028169014,6185.0,0.0,0.0,0.0
48500.0,1.472519104,0.0,48500.0,85.9,65.61277546361784,67.88154897494304,59.36599423631124,6285.0,0.0,0.0,0.0
48600.0,1.475517933,0.0,48600.0,86.2,66.1241623094484,68.91891891891892,59.7667638483965,6385.0,0.0,0.0,0.0
48700.0,1.4786951,0.0,48700.0,85.5,64.34823659001947,67.70601336302894,57.84883720930232,6485.0,0.0,0.0,0.0
48800.0,1.481606065,0.0,48800.0,85.6,64.46199407699899,68.35164835164834,57.89473684210525,6585.0,0.0,0.0,0.0
48900.0,1.485001012,0.0,48900.0,86.7,67.59701405266337,70.89715536105032,61.337209302325576,6685.0,0.0,0.0,0.0
49000.0,1.488099715,0.0,49000.0,87.0,68.39996888612319,72.34042553191489,62.2093023255814,6785.0,0.0,0.0,0.0
49100.0,1.491007767,0.0,49100.0,87.6,69.86780715396579,73.61702127659574,63.74269005847953,6885.0,0.0,0.0,0.0
49200.0,1.494375751,0.0,49200.0,87.5,69.04469450828115,73.00215982721382,62.462462462462454,6985.0,0.0,0.0,0.0
49300.0,1.497146289,0.0,49300.0,87.4,68.53759757090278,72.36842105263158,61.702127659574465,7085.0,0.0,0.0,0.0
49400.0,1.500480434,0.0,49400.0,86.8,66.92641126506477,70.53571428571428,59.878419452887535,7185.0,0.0,0.0,0.0
49500.0,1.503442501,0.0,49500.0,84.8,63.24667285670071,66.88453159041393,56.81818181818181,7285.0,0.0,0.0,0.0
49600.0,1.506369716,0.0,49600.0,83.7,61.08150440280404,64.33260393873084,54.84764542936287,7385.0,0.0,0.0,0.0
49700.0,1.509555822,0.0,49700.0,83.1,60.25212851027799,63.73390557939913,54.447439353099725,7485.0,0.0,0.0,1.0
49800.0,1.512528463,0.0,49800.0,81.69999999999999,57.42403796938251,61.715481171548106,51.7150395778364,7585.0,0.0,0.0,0.0
49900.0,1.51542329,0.0,49900.0,79.5,52.25140450746743,57.20250521920669,46.47519582245432,7685.0,0.0,0.0,0.0
50000.0,1.518427856,0.0,50000.0,77.60000000000001,48.57100874292853,52.842105263157904,43.14720812182742,7785.0,0.0,0.0,0.0
50100.0,1.521857153,0.0,50100.0,73.8,41.66889304479472,45.302713987473894,37.32057416267943,497.0,0.0,1.0,0.0
50200.0,1.525031771,0.0,50200.0,70.6,37.96002430954148,40.24390243902438,34.95575221238937,52.0,0.0,1.0,1.0
50300.0,1.528300278,0.0,50300.0,67.60000000000001,33.42538711904528,35.96837944664033,31.355932203389834,73.0,0.0,1.0,0.0
50400.0,1.53192319,0.0,50400.0,64.9,29.41659092188771,30.90551181102363,28.803245436105477,26.0,0.0,2.0,1.0
50500.0,1.534793605,0.0,50500.0,63.3,26.828295717361833,27.89783889980354,26.156941649899395,126.0,0.0,0.0,2.0
50600.0,1.537591056,0.0,50600.0,61.9,24.24724426983091,25.294117647058822,24.85207100591716,226.0,0.0,0.0,1.0
50700.0,1.540562733,0.0,50700.0,60.3,21.474460408886635,21.386138613861384,21.69625246548323,326.0,0.0,0.0,2.0
50800.0,1.543373272,0.0,50800.0,59.3,19.250517828374598,18.108651911468808,19.881889763779522,426.0,0.0,0.0,0.0
50900.0,1.546233961,0.0,50900.0,57.99999999999999,15.895037006183715,15.151515151515143,15.831663326653297,526.0,0.0,0.0,2.0
51000.0,1.549402755,0.0,51000.0,57.3,13.096924404500228,11.594202898550712,12.678936605316963,626.0,0.0,0.0,2.0
51100.0,1.552405934,0.0,51100.0,59.0,15.25739017564457,15.289256198347099,12.765957446808498,726.0,0.0,0.0,0.0
51200.0,1.555641642,0.0,51200.0,59.699999999999996,16.74654591128446,15.866388308977028,10.840707964601757,826.0,0.0,0.0,0.0
51300.0,1.558705483,0.0,51300.0,59.5,15.93743254238413,15.0943396226415,7.322654462242569,926.0,0.0,0.0,0.0
51400.0,1.561924678,0.0,51400.0,60.099999999999994,16.913773572332904,14.193548387096763,3.3898305084745792,1026.0,0.0,0.0,0.0
51500.0,1.564859556,0.0,51500.0,60.199999999999996,17.303856382978726,16.38655462184873,2.6894865525672396,1126.0,0.0,0.0,0.0
51600.0,1.567839698,0.0,51600.0,60.3,16.777071559140687,16.244725738396617,0.9975062344139659,1226.0,0.0,0.0,0.0
51700.0,1.570682174,0.0,51700.0,61.199999999999996,18.063597852759443,19.502074688796675,2.7568922305764434,1326.0,0.0,0.0,0.0
51800.0,1.573595377,0.0,51800.0,62.1,19.571159363699635,19.70338983050847,3.0690537084399003,1426.0,0.0,0.0,0.0
51900.0,1.576576693,0.0,51900.0,64.1,23.211841204654355,21.615720524017465,7.4742268041237185,1526.0,0.0,0.0,0.0
52000.0,1.579517619,0.0,52000.0,64.8,24.36971178844146,24.62526766595289,9.04392764857882,1626.0,0.0,0.0,0.0
52100.0,1.582356371,0.0,52100.0,64.60000000000001,23.717747044601413,24.034334763948497,8.527131782945743,1726.0,0.0,0.0,0.0
52200.0,1.585261736,0.0,52200.0,65.10000000000001,24.30486270767363,25.902335456475583,8.63874345549739,1826.0,0.0,0.0,0.0
52300.0,1.588153351,0.0,52300.0,66.0,25.211607158569,27.038626609442062,10.052910052910063,1926.0,0.0,0.0,0.0
52400.0,1.591016728,0.0,52400.0,66.4,26.475736993207775,29.41176470588236,13.402061855670114,2026.0,0.0,0.0,0.0
52500.0,1.593835304,0.0,52500.0,68.0,27.96945905063748,29.978118161925604,12.568306010928973,2126.0,0.0,0.0,0.0
52600.0,1.59662078,0.0,52600.0,67.7,27.241108998675482,30.537634408602155,12.466124661246623,2226.0,0.0,0.0,0.0
52700.0,1.599845875,0.0,52700.0,67.2,26.245395958787388,28.695652173913043,11.111111111111121,2326.0,0.0,0.0,0.0
52800.0,1.602722427,0.0,52800.0,66.5,24.900689568593705,28.874734607218688,11.375661375661386,2426.0,0.0,0.0,0.0
52900.0,1.605608204,0.0,52900.0,64.5,21.428887610110227,27.84552845528456,8.974358974358982,2526.0,0.0,0.0,0.0
53000.0,1.608540532,0.0,53000.0,65.2,23.201525376599427,28.395061728395067,11.450381679389322,2626.0,0.0,0.0,0.0
53100.0,1.611390309,0.0,53100.0,64.8,22.64688302099083,28.455284552845534,10.659898477157368,2726.0,0.0,0.0,0.0
53200.0,1.614256937,0.0,53200.0,64.2,21.331130018986016,26.488706365503084,8.673469387755109,2826.0,0.0,0.0,0.0
53300.0,1.617074138,0.0,53300.0,64.1,20.93904157857647,25.672877846790893,7.4742268041237185,2926.0,0.0,0.0,0.0
53400.0,1.620049978,0.0,53400.0,64.7,20.820061908393527,26.304801670146137,4.851752021563346,3026.0,0.0,0.0,0.0
53500.0,1.62287383,0.0,53500.0,64.2,20.133853876185174,26.033057851239672,4.533333333333337,3126.0,0.0,0.0,0.0
53600.0,1.625676744,0.0,53600.0,63.7,18.737407656145063,23.89937106918239,1.8918918918918937,3226.0,0.0,0.0,0.0
53700.0,1.628534058,0.0,53700.0,64.1,19.74640758988851,25.363825363825367,4.010695187165779,3326.0,0.0,0.0,0.0
53800.0,1.631366634,0.0,53800.0,64.0,19.923482438774837,24.528301886792452,4.509283819628651,3426.0,0.0,0.0,0.0
53900.0,1.634326213,0.0,53900.0,65.2,22.309289397897007,26.42706131078224,6.702412868632714,3526.0,0.0,0.0,0.0
54000.0,1.637132489,0.0,54000.0,65.2,22.161581819808546,26.27118644067797,6.951871657754016,3626.0,0.0,0.0,0.0
54100.0,1.639949227,0.0,54100.0,65.9,23.27699479813525,26.82403433476395,7.588075880758814,3726.0,0.0,0.0,0.0
54200.0,1.642814817,0.0,54200.0,66.8,24.668723906335096,30.252100840336137,10.270270270270279,3826.0,0.0,0.0,0.0
54300.0,1.645604943,0.0,54300.0,67.60000000000001,26.953322271120427,32.359081419624225,13.368983957219264,3926.0,0.0,0.0,0.0
54400.0,1.648356231,0.0,54400.0,66.9,25.97992736640608,30.607966457023068,11.96808510638299,4026.0,0.0,0.0,0.0
54500.0,1.651273621,0.0,54500.0,67.0,26.789010364901333,30.962343096234314,14.507772020725401,4126.0,0.0,0.0,0.0
54600.0,1.654154985,0.0,54600.0,67.5,27.25400662548126,31.434599156118146,14.248021108179431,4226.0,0.0,0.0,0.0
54700.0,1.657026887,0.0,54700.0,67.0,26.09480468872476,30.232558139534888,12.928759894459112,4326.0,0.0,0.0,0.0
54800.0,1.659798837,0.0,54800.0,67.4,26.608313522080557,29.741379310344833,12.365591397849474,4426.0,0.0,0.0,0.0
54900.0,1.662651052,0.0,54900.0,66.60000000000001,24.777146666546564,27.705627705627705,9.973045822102435,4526.0,0.0,0.0,0.0
55000.0,1.665471591,0.0,55000.0,66.0,23.80781642165651,26.08695652173913,8.602150537634417,4626.0,0.0,0.0,0.0
55100.0,1.668260729,0.0,55100.0,64.4,20.256612429216556,23.275862068965516,5.319148936170218,4726.0,0.0,0.0,0.0
55200.0,1.671286121,0.0,55200.0,63.7,19.83286366728209,21.428571428571423,5.958549222797933,4826.0,0.0,0.0,0.0
55300.0,1.674174035,0.0,55300.0,63.2,19.999999999999996,20.860215053763437,8.000000000000007,4926.0,0.0,0.0,0.0
55400.0,1.676985224,0.0,55400.0,64.0,22.08196976780427,23.72881355932203,11.330049261083754,5026.0,0.0,0.0,0.0
55500.0,1.679740537,0.0,55500.0,64.2,22.30902777777778,23.504273504273502,10.500000000000009,5126.0,0.0,0.0,0.0
55600.0,1.682571138,0.0,55600.0,65.0,24.82850159578354,26.004228329809724,14.425427872860647,5226.0,0.0,0.0,0.0
55700.0,1.685405002,0.0,55700.0,65.0,24.67805247572481,25.213675213675213,14.215686274509814,5326.0,0.0,0.0,0.0
55800.0,1.68820179,0.0,55800.0,64.60000000000001,24.177518848526386,25.78616352201258,13.23529411764707,5426.0,0.0,0.0,0.0
55900.0,1.691145505,0.0,55900.0,65.10000000000001,25.364197055628274,26.526315789473685,15.085158150851594,5526.0,0.0,0.0,0.0
56000.0,1.693914706,0.0,56000.0,64.4,23.56972330522302,25.678496868475992,12.315270935960601,5626.0,0.0,0.0,0.0
56100.0,1.696680394,0.0,56100.0,66.3,27.04617089813308,29.497907949790797,14.898989898989912,5726.0,0.0,0.0,0.0
56200.0,1.699551009,0.0,56200.0,66.4,26.856983634250085,29.707112970711304,13.624678663239088,5826.0,0.0,0.0,0.0
56300.0,1.702421786,0.0,56300.0,65.8,25.409592937030002,29.338842975206614,11.398963730569958,5926.0,0.0,0.0,0.0
56400.0,1.705388989,0.0,56400.0,64.8,23.735570423267582,26.666666666666668,10.20408163265307,6026.0,0.0,0.0,0.0
56500.0,1.708220778,0.0,56500.0,64.1,22.611297457166753,25.518672199170123,9.798994974874379,6126.0,0.0,0.0,0.0
56600.0,1.71112748,0.0,56600.0,63.5,20.482074698921167,25.963488843813387,6.649616368286451,6226.0,0.0,0.0,0.0
56700.0,1.713974894,0.0,56700.0,63.7,20.917789358105164,25.0,7.1611253196931015,6326.0,0.0,0.0,0.0
56800.0,1.716854072,0.0,56800.0,64.3,21.842160571668785,26.239669421487605,7.989690721649491,6426.0,0.0,0.0,0.0
56900.0,1.719692786,0.0,56900.0,64.2,21.507752753806226,26.93877551020408,7.731958762886605,6526.0,0.0,0.0,0.0
57000.0,1.722503712,0.0,57000.0,64.60000000000001,22.639860139860147,28.48484848484849,10.152284263959398,6626.0,0.0,0.0,0.0
57100.0,1.72528765,0.0,57100.0,63.800000000000004,21.642307958717197,28.17460317460318,10.396039603960405,6726.0,0.0,0.0,0.0
57200.0,1.728107939,0.0,57200.0,63.0,19.841242330756696,26.294820717131472,7.960199004975131,6826.0,0.0,0.0,0.0
57300.0,1.730959978,0.0,57300.0,64.1,20.86096218961626,27.766599597585518,7.4742268041237185,6926.0,0.0,0.0,0.0
57400.0,1.733835442,0.0,57400.0,64.4,21.606969052369195,28.800000000000004,8.010335917312668,7026.0,0.0,0.0,0.0
57500.0,1.736657269,0.0,57500.0,64.9,22.73283612316959,29.659318637274552,9.768637532133685,7126.0,0.0,0.0,0.0
57600.0,1.739466707,0.0,57600.0,64.8,23.087680044749003,28.163265306122454,10.20408163265307,7226.0,0.0,0.0,0.0
57700.0,1.742466023,0.0,57700.0,64.7,23.58248761733228,30.511811023622055,10.858585858585867,7326.0,0.0,0.0,0.0
57800.0,1.745286112,0.0,57800.0,63.2,21.092694641593575,27.12871287128713,9.135802469135811,7426.0,0.0,0.0,0.0
57900.0,1.748228353,0.0,57900.0,62.4,19.704444017340418,25.24850894632207,7.1604938271605,7526.0,0.0,0.0,0.0
58000.0,1.751000066,0.0,58000.0,61.7,18.329921528488576,22.782258064516128,4.962779156327548,7626.0,0.0,0.0,0.0
58100.0,1.753792679,0.0,58100.0,61.5,17.527098239149993,20.45454545454545,2.531645569620255,7726.0,0.0,0.0,0.0
58200.0,1.756682706,0.0,58200.0,61.4,17.77156685640273,21.224489795918362,3.9800995024875654,7826.0,0.0,0.0,0.0
58300.0,1.759640908,0.0,58300.0,60.699999999999996,16.820467667925293,20.283975659229206,3.4398034398034425,7926.0,0.0,0.0,0.0
58400.0,1.762482123,0.0,58400.0,60.6,16.488268085376973,21.98019801980198,3.66748166259169,8026.0,0.0,0.0,0.0
58500.0,1.765365937,0.0,58500.0,60.099999999999994,15.417359156123869,21.917808219178077,1.9656019656019672,8126.0,0.0,0.0,0.0
58600.0,1.768292729,0.0,58600.0,60.3,15.664698134851514,20.281124497991964,1.9753086419753103,8226.0,0.0,0.0,0.0
58700.0,1.771087442,0.0,58700.0,60.9,15.658596351964658,18.54166666666666,-0.5141388174807203,8326.0,0.0,0.0,0.0
58800.0,1.773864043,0.0,58800.0,61.4,16.42308108693298,20.412371134020617,1.278772378516625,8426.0,0.0,0.0,0.0
58900.0,1.776889171,0.0,58900.0,62.3,18.72898163318099,21.784232365145225,4.5569620253164596,8526.0,0.0,0.0,0.0
59000.0,1.779852775,0.0,59000.0,62.6,19.195934734513262,21.92066805845511,4.5918367346938815,8626.0,0.0,0.0,0.0
59100.0,1.782646013,0.0,59100.0,62.3,18.58576784202616,21.129707112970706,3.8265306122449014,8726.0,0.0,0.0,0.0
59200.0,1.785506802,0.0,59200.0,62.7,19.13244068266963,21.63865546218487,3.8659793814433026,8826.0,0.0,0.0,0.0
59300.0,1.788523568,0.0,59300.0,62.5,18.517939090529822,22.360248447204967,3.1007751937984525,8926.0,0.0,0.0,0.0
59400.0,1.791463634,0.0,59400.0,62.4,18.74170668349462,19.82942430703624,3.8363171355498755,9026.0,0.0,0.0,0.0
59500.0,1.794372337,0.0,59500.0,61.199999999999996,15.961654255849119,17.622080679405514,1.2722646310432582,9126.0,0.0,0.0,0.0
59600.0,1.79733069,0.0,59600.0,60.5,14.966718619490043,19.05737704918032,1.7412935323383099,9226.0,0.0,0.0,0.0
59700.0,1.800302406,0.0,59700.0,58.3,11.686969486471376,17.097415506958242,1.6509433962264164,9326.0,0.0,0.0,0.0
59800.0,1.803110432,0.0,59800.0,58.3,11.589606160317501,18.0746561886051,1.418439716312058,9426.0,0.0,0.0,0.0
59900.0,1.806050573,0.0,59900.0,57.099999999999994,8.92338524771142,16.53696498054474,0.0,9526.0,0.0,0.0,0.0
60000.0,1.809031264,0.0,60000.0,56.10000000000001,8.12978185531801,14.757281553398071,2.0089285714285734,9626.0,0.0,0.0,0.0
60100.0,1.811986617,0.0,60100.0,54.800000000000004,7.029553083656944,13.24376199616124,3.4188034188034218,9726.0,0.0,0.0,1.0
60200.0,1.815216911,0.0,60200.0,53.5,6.361761768212146,8.823529411764714,5.487804878048785,9826.0,0.0,0.0,1.0
60300.0,1.818295066,0.0,60300.0,51.5,4.8385197975120695,2.805611222444892,2.4144869215291775,9926.0,0.0,0.0,0.0
60400.0,1.821337094,0.0,60400.0,49.7,1.8084425218246936,0.19841269841269857,-1.4112903225806466,10026.0,0.0,0.0,0.0
60500.0,1.824358161,0.0,60500.0,49.4,3.207911701130518,-2.4291497975708523,-3.901437371663248,10126.0,0.0,0.0,0.0
60600.0,1.827461028,0.0,60600.0,48.8,3.5243751695860692,-5.7851239669421535,-8.01687763713081,10226.0,0.0,0.0,0.0
60700.0,1.830522695,0.0,60700.0,49.0,4.565511098469685,-6.250000000000005,-11.597374179431084,10326.0,0.0,0.0,0.0
60800.0,1.833494924,0.0,60800.0,47.4,3.206336120598279,-14.347826086956536,-19.004524886877846,10426.0,0.0,0.0,0.0
60900.0,1.836569666,0.0,60900.0,46.7,2.3365924449200444,-16.885964912280706,-24.824355971896935,10526.0,0.0,0.0,0.0
61000.0,1.839567107,0.0,61000.0,46.9,2.710189962476533,-15.184381778741878,-32.08955223880597,10626.0,0.0,0.0,0.0
61100.0,1.842633373,0.0,61100.0,46.9,3.0554865847780635,-16.447368421052648,-39.736842105263165,10726.0,0.0,0.0,0.0
61200.0,1.845740666,0.0,61200.0,47.099999999999994,3.739773488223127,-18.344519015659973,-54.22740524781343,10826.0,0.0,0.0,0.0
61300.0,1.891428281,0.0,61300.0,47.9,4.61369461735628,-18.409090909090928,-55.52238805970151,10926.0,0.0,0.0,0.0
61400.0,1.894708527,0.0,61400.0,48.3,4.990480670984049,-16.17977528089889,-54.790419161676674,11026.0,0.0,0.0,0.0
61500.0,1.897607554,0.0,61500.0,48.1,4.155124653739605,-16.367713004484322,-55.38922155688625,11126.0,0.0,0.0,0.0
61600.0,1.900529219,0.0,61600.0,48.0,3.7211765272228283,-16.85393258426968,-54.302670623145424,11226.0,0.0,0.0,0.0
61700.0,1.90428067,0.0,61700.0,49.2,5.828266350289184,-14.932126696832595,-53.939393939393966,1582.0,0.0,1.0,0.0
61800.0,1.906943232,0.0,61800.0,53.5,10.980932690098788,-4.494382022471915,-41.76829268292684,1682.0,0.0,0.0,0.0
61900.0,1.909581093,0.0,61900.0,57.9,16.699643846458237,3.4403669724770674,-31.562500000000032,1782.0,0.0,0.0,0.0
62000.0,1.912807063,0.0,62000.0,60.699999999999996,20.46981495572211,12.276785714285701,-19.817073170731728,75.0,0.0,1.0,0.0
62100.0,1.915983044,0.0,62100.0,63.9,25.142871361860593,17.95454545454545,-10.736196319018417,39.0,0.0,1.0,0.0
62200.0,1.919241415,0.0,62200.0,66.60000000000001,28.85382229644525,26.10619469026549,0.0,7.0,0.0,1.0,0.0
62300.0,1.922034116,0.0,62300.0,69.0,32.296671617017545,32.01754385964911,8.28402366863903,107.0,0.0,0.0,0.0
62400.0,1.924677089,0.0,62400.0,72.6,37.45091951713936,39.1111111111111,15.950920245398756,207.0,0.0,0.0,0.0
62500.0,1.92742259,0.0,62500.0,76.5,44.72929112375935,46.590909090909086,27.914110429447845,307.0,0.0,0.0,0.0
62600.0,1.930183654,0.0,62600.0,79.5,49.79181974038697,54.13870246085012,36.92307692307693,407.0,0.0,0.0,1.0
62700.0,1.933191744,0.0,62700.0,82.0,54.79386000160732,59.5505617977528,45.12195121951218,507.0,0.0,0.0,0.0
62800.0,1.935995183,0.0,62800.0,82.39999999999999,56.352670422982285,61.06194690265485,46.987951807228896,607.0,0.0,0.0,0.0
62900.0,1.938871022,0.0,62900.0,81.6,55.10903137976294,59.737417943107204,46.355685131195315,707.0,0.0,0.0,0.0
63000.0,1.941694985,0.0,63000.0,82.0,55.28239169643698,58.620689655172406,46.58753709198811,807.0,0.0,0.0,0.0
63100.0,1.944680475,0.0,63100.0,83.3,58.13906853160875,61.342592592592595,50.44510385756675,907.0,0.0,0.0,1.0
63200.0,1.947576028,0.0,63200.0,84.6,61.00100789602969,63.33333333333333,53.47432024169183,1007.0,0.0,0.0,0.0
63300.0,1.950404867,0.0,63300.0,85.8,64.33325798106145,67.05336426914154,57.35735735735735,1107.0,0.0,0.0,0.0
63400.0,1.95327963,0.0,63400.0,85.9,64.3845858508295,66.90140845070422,57.40181268882174,1207.0,0.0,0.0,0.0
63500.0,1.95602913,0.0,63500.0,86.2,65.14799474694412,68.20276497695853,58.181818181818166,1307.0,0.0,0.0,0.0
63600.0,1.958865144,0.0,63600.0,87.1,67.46171075730976,70.0,60.670731707317074,1407.0,0.0,0.0,0.0
63700.0,1.961743946,0.0,63700.0,87.1,67.76676128413224,70.06960556844548,61.14457831325301,1507.0,0.0,0.0,0.0
63800.0,1.964560998,0.0,63800.0,87.0,67.5650321106182,69.04761904761905,60.96096096096095,1607.0,0.0,0.0,0.0
63900.0,1.967392124,0.0,63900.0,87.5,68.50528607278554,70.09569377990431,61.773700305810394,1707.0,0.0,0.0,0.0
64000.0,1.970346339,0.0,64000.0,88.3,70.43154776947726,72.40566037735849,63.66459627329192,1807.0,0.0,0.0,0.0
64100.0,1.973152503,0.0,64100.0,88.2,69.86167017429149,72.42990654205607,62.893081761006286,1907.0,0.0,0.0,0.0
64200.0,1.975835115,0.0,64200.0,87.5,68.18075368339595,71.46118721461187,61.18012422360248,2007.0,0.0,0.0,0.0
64300.0,1.978704054,0.0,64300.0,87.8,68.64575355562295,71.29411764705883,61.51419558359621,2107.0,0.0,0.0,0.0
64400.0,1.981641881,0.0,64400.0,87.7,68.19897616215937,70.57416267942584,60.95238095238095,2207.0,0.0,0.0,0.0
64500.0,1.984481833,0.0,64500.0,87.8,67.91095025671241,69.95073891625616,60.3896103896104,2307.0,0.0,0.0,0.0
64600.0,1.98725271,0.0,64600.0,87.4,66.98857175793715,69.04176904176904,59.4855305466238,2407.0,0.0,0.0,0.0
64700.0,1.990125962,0.0,64700.0,87.0,65.52821383114129,67.2544080604534,57.7922077922078,2507.0,0.0,0.0,0.0
64800.0,1.992971226,0.0,64800.0,86.5,64.50357593605385,66.50124069478908,56.86900958466453,2607.0,0.0,0.0,0.0
64900.0,1.995728388,0.0,64900.0,86.4,64.39510956357827,66.99029126213593,56.825396825396815,2707.0,0.0,0.0,0.0
65000.0,1.998393025,0.0,65000.0,86.5,64.9903528972428,67.62589928057554,57.68025078369905,2807.0,0.0,0.0,0.0
65100.0,2.001317765,0.0,65100.0,86.6,66.21621621621621,68.39622641509435,59.39393939393939,2907.0,0.0,0.0,0.0
65200.0,2.00422943,0.0,65200.0,86.7,66.25427530421896,68.18181818181819,59.32721712538226,3007.0,0.0,0.0,0.0
65300.0,2.006986805,0.0,65300.0,86.8,66.20704839048267,68.11594202898551,59.13312693498452,3107.0,0.0,0.0,0.0
65400.0,2.009825867,0.0,65400.0,87.1,66.64908634008624,68.91566265060241,59.43396226415094,3207.0,0.0,0.0,0.0
65500.0,2.012674344,0.0,65500.0,86.5,65.16920028483854,68.16037735849056,57.943925233644855,3307.0,0.0,0.0,0.0
65600.0,2.015446433,0.0,65600.0,86.7,65.48502621061918,69.06976744186046,58.176100628930804,3407.0,0.0,0.0,0.0
65700.0,2.018252608,0.0,65700.0,87.1,66.47748534364474,70.54794520547945,59.17721518987341,3507.0,0.0,0.0,0.0
65800.0,2.021158011,0.0,65800.0,87.3,67.0602149645184,71.5883668903803,59.81012658227848,3607.0,0.0,0.0,0.0
65900.0,2.023940699,0.0,65900.0,87.0,66.44451212901826,70.72072072072072,59.247648902821304,3707.0,0.0,0.0,0.0
66000.0,2.026709888,0.0,66000.0,86.6,65.63274225069632,69.95515695067263,58.51393188854488,3807.0,0.0,0.0,0.0
66100.0,2.029513451,0.0,66100.0,87.0,65.6448202959831,70.45454545454545,58.06451612903226,3907.0,0.0,0.0,0.0
66200.0,2.03233009,0.0,66200.0,87.6,68.09189534141672,72.50554323725055,61.0062893081761,4007.0,0.0,0.0,0.0
66300.0,2.035100465,0.0,66300.0,87.5,68.20082830482431,72.76688453159042,61.30030959752322,4107.0,0.0,0.0,0.0
66400.0,2.037892678,0.0,66400.0,87.0,67.86012727389598,72.04301075268818,61.42433234421365,4207.0,0.0,0.0,0.0
66500.0,2.040818693,0.0,66500.0,87.3,68.95260260309203,73.03609341825901,62.75659824046921,4307.0,0.0,0.0,0.0
66600.0,2.043679633,0.0,66600.0,87.3,68.53631949261718,72.33115468409585,62.089552238805965,4407.0,0.0,0.0,0.0
66700.0,2.046625124,0.0,66700.0,86.9,67.51314353734749,71.52173913043478,61.01190476190476,4507.0,0.0,0.0,0.0
66800.0,2.049483339,0.0,66800.0,87.0,66.94214876033058,70.91722595078299,60.0,4607.0,0.0,0.0,0.0
66900.0,2.052378529,0.0,66900.0,87.9,69.10427944030232,72.5,62.18749999999999,4707.0,0.0,0.0,0.0
67000.0,2.055208305,0.0,67000.0,87.6,67.76541541021108,70.82352941176471,60.509554140127385,4807.0,0.0,0.0,0.0
67100.0,2.057958818,0.0,67100.0,86.7,66.0048257811222,69.06976744186046,58.95061728395061,4907.0,0.0,0.0,0.0
67200.0,2.060618667,0.0,67200.0,85.9,64.06068391753838,67.2093023255814,57.012195121951216,5007.0,0.0,0.0,0.0
67300.0,2.063511619,0.0,67300.0,86.3,64.67797658949105,67.45843230403801,57.45341614906832,5107.0,0.0,0.0,0.0
67400.0,2.066214281,0.0,67400.0,87.2,66.59637988266978,69.08212560386474,59.235668789808905,5207.0,0.0,0.0,0.0
67500.0,2.069058332,0.0,67500.0,87.7,68.1380167858253,70.2179176755448,60.95238095238095,5307.0,0.0,0.0,0.0
67600.0,2.071866896,0.0,67600.0,87.5,68.27797628715282,69.87951807228916,61.419753086419746,5407.0,0.0,0.0,0.0
67700.0,2.07502974,0.0,67700.0,88.1,69.88988300068823,70.83333333333334,63.1578947368421,5507.0,0.0,0.0,0.0
67800.0,2.078168184,0.0,67800.0,87.9,69.82995063082831,70.70217917675545,63.33333333333333,5607.0,0.0,0.0,0.0
67900.0,2.081058949,0.0,67900.0,86.7,66.81073635247495,68.18181818181819,60.179640718562865,5707.0,0.0,0.0,0.0
68000.0,2.083798687,0.0,68000.0,86.3,66.16949822204661,67.91569086651053,59.70588235294117,5807.0,0.0,0.0,0.0
68100.0,2.086816579,0.0,68100.0,86.0,65.80762392294014,67.13615023474179,59.53757225433526,5907.0,0.0,0.0,0.0
68200.0,2.089624992,0.0,68200.0,86.7,67.18739206378969,68.33333333333333,60.7669616519174,6007.0,0.0,0.0,0.0
68300.0,2.092465145,0.0,68300.0,86.2,66.49184149184147,67.7570093457944,60.3448275862069,6107.0,0.0,0.0,0.0
68400.0,2.095289484,0.0,68400.0,85.8,65.92844974446336,68.01801801801801,60.0,6207.0,0.0,0.0,0.0
68500.0,2.098151199,0.0,68500.0,85.8,65.41848503740648,67.72727272727272,59.19540229885057,6307.0,0.0,0.0,0.0
68600.0,2.101082015,0.0,68600.0,86.0,65.65664494858308,68.53932584269661,59.302325581395344,6407.0,0.0,0.0,0.0
68700.0,2.103829765,0.0,68700.0,85.3,63.800949547881245,67.33333333333333,57.267441860465105,6507.0,0.0,0.0,0.0
68800.0,2.106763468,0.0,68800.0,85.39999999999999,63.993824694317425,67.98245614035086,57.434402332361515,6607.0,0.0,0.0,0.0
68900.0,2.109640632,0.0,68900.0,86.6,67.32854802215806,70.6140350877193,61.04651162790697,6707.0,0.0,0.0,0.0
69000.0,2.112649174,0.0,69000.0,86.9,68.13272355745839,72.12765957446808,61.91860465116279,6807.0,0.0,0.0,0.0
69100.0,2.115433612,0.0,69100.0,87.4,69.33470921516324,73.13432835820896,63.1578947368421,6907.0,0.0,0.0,0.0
69200.0,2.118285651,0.0,69200.0,87.5,69.04469450828115,72.94372294372295,62.462462462462454,7007.0,0.0,0.0,0.0
69300.0,2.121149878,0.0,69300.0,87.4,68.53759757090278,72.36842105263158,61.702127659574465,7107.0,0.0,0.0,0.0
69400.0,2.123927853,0.0,69400.0,87.0,67.55839488919942,71.1111111111111,60.606060606060595,7207.0,0.0,0.0,0.0
69500.0,2.126765429,0.0,69500.0,84.89999999999999,63.514584501188786,67.10239651416121,57.10227272727272,7307.0,0.0,0.0,0.0
69600.0,2.129622406,0.0,69600.0,83.89999999999999,61.60999570794983,64.84716157205239,55.401662049861486,7407.0,0.0,0.0,0.0
69700.0,2.132501483,0.0,69700.0,83.3,60.84665016130242,64.23982869379013,55.10752688172042,7507.0,0.0,0.0,1.0
69800.0,2.135294446,0.0,69800.0,82.0,58.113038945565556,62.184873949579824,52.38095238095237,7607.0,0.0,0.0,0.0
69900.0,2.138205924,0.0,69900.0,79.7,52.85998253729404,57.7962577962578,47.13541666666668,7707.0,0.0,0.0,0.0
70000.0,2.141080601,0.0,70000.0,77.7,48.92115992487059,53.24947589098533,43.544303797468366,7807.0,0.0,0.0,0.0
70100.0,2.143984466,0.0,70100.0,74.3,42.86095424429722,46.23430962343096,38.663484486873514,7907.0,0.0,0.0,0.0
70200.0,2.147751005,0.0,70200.0,70.3,37.18699242014075,39.634146341463406,34.29203539823008,26.0,0.0,2.0,0.0
70300.0,2.150911523,0.0,70300.0,67.7,33.622135271101186,36.03960396039605,31.71247357293869,56.0,0.0,1.0,0.0
70400.0,2.154289245,0.0,70400.0,65.10000000000001,29.775280898876407,31.163708086785014,29.208924949290065,4.0,0.0,2.0,0.0
70500.0,2.157519913,0.0,70500.0,64.0,28.206764518187622,28.99408284023669,27.710843373493976,27.0,0.0,1.0,0.0
70600.0,2.16074052,0.0,70600.0,61.9,24.413160442490526,25.0,24.703557312252965,56.0,0.0,1.0,1.0
70700.0,2.163916776,0.0,70700.0,60.0,21.298573536645343,20.634920634920633,20.94861660079051,79.0,0.0,1.0,0.0
70800.0,2.166703552,0.0,70800.0,58.3,17.824740073938024,16.265060240963848,18.0746561886051,179.0,0.0,0.0,3.0
70900.0,2.169496615,0.0,70900.0,57.99999999999999,16.553749319515692,14.979757085020234,15.66265060240963,279.0,0.0,0.0,0.0
71000.0,2.172404418,0.0,71000.0,57.599999999999994,14.358313505128399,11.850311850311838,13.46938775510203,379.0,0.0,0.0,0.0
71100.0,2.175263896,0.0,71100.0,58.9,15.56691373444871,15.082644628099166,12.179487179487166,479.0,0.0,0.0,1.0
71200.0,2.178015321,0.0,71200.0,60.3,18.042262941890524,17.29166666666666,12.16814159292034,579.0,0.0,0.0,0.0
71300.0,2.180833835,0.0,71300.0,60.099999999999994,16.992593825413994,16.176470588235286,8.275862068965525,679.0,0.0,0.0,0.0
71400.0,2.183711012,0.0,71400.0,60.3,16.60715035919842,14.623655913978483,4.106280193236718,779.0,0.0,0.0,2.0
71500.0,2.186780029,0.0,71500.0,59.9,15.47645144427768,15.932914046121585,1.4742014742014755,879.0,0.0,0.0,2.0
71600.0,2.189657318,0.0,71600.0,60.199999999999996,15.14438247283767,16.38655462184873,0.9950248756218913,979.0,0.0,0.0,0.0
71700.0,2.192512007,0.0,71700.0,61.3,16.384346804023924,19.709543568464724,3.0075187969924837,1079.0,0.0,0.0,0.0
71800.0,2.195374485,0.0,71800.0,62.8,19.302005735631635,21.35306553911205,4.8593350383631755,1179.0,0.0,0.0,0.0
71900.0,2.198090234,0.0,71900.0,63.3,19.759672566990837,19.86899563318777,5.655526992287922,1279.0,0.0,0.0,0.0
72000.0,2.20088786,0.0,72000.0,63.800000000000004,20.385317469044853,22.48394004282655,5.974025974025979,1379.0,0.0,0.0,0.0
72100.0,2.203764063,0.0,72100.0,63.6,19.925028708197136,21.88841201716738,5.943152454780367,1479.0,0.0,0.0,0.0
72200.0,2.206517226,0.0,72200.0,63.9,19.898108619052266,23.191489361702125,5.497382198952884,1579.0,0.0,0.0,0.0
72300.0,2.209378227,0.0,72300.0,64.4,20.185456714062166,23.768736616702355,6.068601583113462,1679.0,0.0,0.0,0.0
72400.0,2.212195528,0.0,72400.0,64.8,21.59099009195239,25.894736842105264,8.808290155440423,1779.0,0.0,0.0,0.0
72500.0,2.215005904,0.0,72500.0,66.4,23.198244531303587,26.637554585152838,8.446866485013633,1879.0,0.0,0.0,0.0
72600.0,2.217721904,0.0,72600.0,66.5,23.08540046102842,27.80172413793104,9.214092140921418,1979.0,0.0,0.0,0.0
72700.0,2.220612231,0.0,72700.0,66.0,22.35776627860775,26.08695652173913,7.859078590785915,2079.0,0.0,0.0,0.0
72800.0,2.223678435,0.0,72800.0,65.2,20.728929384965827,26.11464968152866,7.936507936507943,2179.0,0.0,0.0,0.0
72900.0,2.226548599,0.0,72900.0,64.1,19.71625622814002,27.03252032520325,7.712082262210804,2279.0,0.0,0.0,0.0
73000.0,2.229309449,0.0,73000.0,64.9,21.91254204709275,27.77777777777778,10.687022900763369,2379.0,0.0,0.0,0.0
73100.0,2.232133251,0.0,73100.0,64.5,21.216855598263667,27.84552845528456,9.898477157360414,2479.0,0.0,0.0,0.0
73200.0,2.234938765,0.0,73200.0,63.800000000000004,19.491506576342957,25.514403292181072,7.416879795396427,2579.0,0.0,0.0,0.0
73300.0,2.23772469,0.0,73300.0,63.5,18.694478352683305,24.43064182194617,5.684754521963829,2679.0,0.0,0.0,0.0
73400.0,2.240562492,0.0,73400.0,64.3,19.21029763197916,25.625000000000004,4.032258064516133,2779.0,0.0,0.0,0.0
73500.0,2.24337808,0.0,73500.0,63.6,18.064153066966806,24.793388429752067,2.9333333333333362,2879.0,0.0,0.0,0.0
73600.0,2.246157106,0.0,73600.0,63.2,16.760537256445403,22.6890756302521,0.2710027100271005,2979.0,0.0,0.0,0.0
73700.0,2.248932932,0.0,73700.0,63.6,17.841859121359313,24.166666666666668,2.6737967914438525,3079.0,0.0,0.0,0.0
73800.0,2.251769971,0.0,73800.0,63.5,18.229638059734928,23.319327731092436,3.183023872679048,3179.0,0.0,0.0,0.0
73900.0,2.254586272,0.0,73900.0,64.5,19.975113387374556,24.78813559322034,4.825737265415555,3279.0,0.0,0.0,0.0
74000.0,2.257629363,0.0,74000.0,64.1,18.99965704590171,24.1014799154334,4.521276595744685,3379.0,0.0,0.0,0.0
74100.0,2.260392026,0.0,74100.0,65.0,20.49068605179465,25.213675213675213,5.405405405405411,3479.0,0.0,0.0,0.0
74200.0,2.263270554,0.0,74200.0,66.2,22.943643990516154,28.991596638655466,8.648648648648656,3579.0,0.0,0.0,0.0
74300.0,2.266131218,0.0,74300.0,67.2,25.749858517260897,31.524008350730693,12.533333333333344,3679.0,0.0,0.0,0.0
74400.0,2.268865743,0.0,74400.0,66.3,23.927765237020335,29.20168067226891,10.133333333333344,3779.0,0.0,0.0,0.0
74500.0,2.271660506,0.0,74500.0,66.60000000000001,25.524893415865435,30.125523012552307,13.471502590673587,3879.0,0.0,0.0,0.0
74600.0,2.274546084,0.0,74600.0,67.0,25.88932806324112,30.526315789473692,13.157894736842115,3979.0,0.0,0.0,0.0
74700.0,2.277327085,0.0,74700.0,66.8,25.24172592535883,29.957805907173,12.401055408970988,4079.0,0.0,0.0,0.0
74800.0,2.280073835,0.0,74800.0,67.2,25.73001956379974,29.462365591397855,11.827956989247323,4179.0,0.0,0.0,0.0
74900.0,2.282893174,0.0,74900.0,66.2,23.431362332760962,26.83982683982684,8.894878706199469,4279.0,0.0,0.0,0.0
75000.0,2.285677699,0.0,75000.0,65.8,23.006267559974077,25.65217391304348,8.064516129032265,4379.0,0.0,0.0,0.0
75100.0,2.288535126,0.0,75100.0,64.1,19.360635411238306,22.4622030237581,4.521276595744685,4479.0,0.0,0.0,0.0
75200.0,2.291435041,0.0,75200.0,63.5,19.182704655961892,21.16630669546436,5.684754521963829,4579.0,0.0,0.0,0.0
75300.0,2.294474195,0.0,75300.0,63.0,19.246768779491298,20.430107526881716,7.268170426065169,4679.0,0.0,0.0,0.0
75400.0,2.297246008,0.0,75400.0,64.0,22.018507607527827,23.72881355932203,11.330049261083754,4779.0,0.0,0.0,0.0
75500.0,2.300106097,0.0,75500.0,64.1,21.81987647976029,22.961373390557938,10.025062656641612,4879.0,0.0,0.0,0.0
75600.0,2.302911535,0.0,75600.0,65.0,24.618353492539384,26.004228329809724,14.215686274509814,4979.0,0.0,0.0,0.0
75700.0,2.305675486,0.0,75700.0,64.4,23.394732311929772,23.768736616702355,13.170731707317085,5079.0,0.0,0.0,0.0
75800.0,2.308435224,0.0,75800.0,63.9,22.525538672847464,24.159663865546218,11.519607843137264,5179.0,0.0,0.0,0.0
75900.0,2.352790933,0.0,75900.0,64.7,24.57007077165031,25.68421052631579,14.527845036319626,5279.0,0.0,0.0,0.0
76000.0,2.3559194,0.0,76000.0,64.1,22.581257332137195,25.052192066805844,11.138613861386148,5379.0,0.0,0.0,0.0
76100.0,2.358791189,0.0,76100.0,66.0,26.030353661932626,29.018789144050107,14.141414141414153,5479.0,0.0,0.0,0.0
76200.0,2.361588203,0.0,76200.0,65.9,25.371827755552257,28.661087866108794,12.339331619537287,5579.0,0.0,0.0,0.0
76300.0,2.364560994,0.0,76300.0,65.3,24.03145579375089,28.157349896480333,10.567010309278361,5679.0,0.0,0.0,0.0
76400.0,2.367578223,0.0,76400.0,64.3,22.279792746113987,25.779625779625782,9.160305343511459,5779.0,0.0,0.0,0.0
76500.0,2.37063524,0.0,76500.0,63.5,21.040107298922685,24.273858921161825,8.291457286432168,5879.0,0.0,0.0,0.0
76600.0,2.373481016,0.0,76600.0,63.1,19.304046606833573,25.0,5.62659846547315,5979.0,0.0,0.0,0.0
76700.0,2.376267355,0.0,76700.0,63.7,20.586304966090584,25.308641975308642,6.923076923076929,6079.0,0.0,0.0,0.0
76800.0,2.379135369,0.0,76800.0,64.5,22.050660483417666,26.65289256198347,8.505154639175265,6179.0,0.0,0.0,0.0
76900.0,2.381949345,0.0,76900.0,64.4,21.49737148502276,27.4949083503055,7.772020725388608,6279.0,0.0,0.0,0.0
77000.0,2.38473042,0.0,77000.0,64.8,22.967501914870333,29.03225806451613,10.886075949367099,6379.0,0.0,0.0,0.0
77100.0,2.387874326,0.0,77100.0,63.9,21.76121783757543,28.230616302186885,10.643564356435654,6479.0,0.0,0.0,0.0
77200.0,2.39066834,0.0,77200.0,63.1,20.023927800462957,26.49402390438247,8.208955223880604,6579.0,0.0,0.0,0.0
77300.0,2.39345334,0.0,77300.0,64.2,20.897263664003393,27.96780684104628,7.2538860103627005,6679.0,0.0,0.0,0.0
77400.0,2.396206591,0.0,77400.0,64.60000000000001,22.078608156652827,29.200000000000003,8.762886597938152,6779.0,0.0,0.0,0.0
77500.0,2.399057129,0.0,77500.0,65.4,23.721676712183825,30.800000000000004,11.053984575835486,6879.0,0.0,0.0,0.0
77600.0,2.401828017,0.0,77600.0,65.10000000000001,23.665791776028012,29.06504065040651,11.195928753180672,6979.0,0.0,0.0,0.0
77700.0,2.404675681,0.0,77700.0,65.0,24.197796105066196,31.102362204724415,11.616161616161627,7079.0,0.0,0.0,0.0
77800.0,2.407602484,0.0,77800.0,63.5,21.512127988990198,27.722772277227726,9.876543209876552,7179.0,0.0,0.0,0.0
77900.0,2.410401797,0.0,77900.0,62.4,19.535703891390327,25.24850894632207,7.389162561576361,7279.0,0.0,0.0,0.0
78000.0,2.413256398,0.0,78000.0,61.7,18.194555986535196,22.782258064516128,4.962779156327548,7379.0,0.0,0.0,0.0
78100.0,2.416051124,0.0,78100.0,61.6,17.57675664537399,20.661157024793383,3.030303030303033,7479.0,0.0,0.0,0.0
78200.0,2.418777599,0.0,78200.0,61.9,18.598788168835945,22.40325865580448,5.22388059701493,7579.0,0.0,0.0,0.0
78300.0,2.421661076,0.0,78300.0,61.1,17.493849155849663,21.41414141414141,4.656862745098043,7679.0,0.0,0.0,0.0
78400.0,2.424375776,0.0,78400.0,60.699999999999996,16.384401967626076,22.178217821782177,3.676470588235297,7779.0,0.0,0.0,0.0
78500.0,2.427144464,0.0,78500.0,60.4,15.844950697041815,22.504892367906066,2.9411764705882377,7879.0,0.0,0.0,0.0
78600.0,2.429944603,0.0,78600.0,60.699999999999996,16.17609418991554,20.925553319919512,2.9629629629629655,7979.0,0.0,0.0,0.0
78700.0,2.432665078,0.0,78700.0,61.4,16.191898839713744,19.415448851774524,0.5154639175257736,8079.0,0.0,0.0,0.0
78800.0,2.435498154,0.0,78800.0,61.8,16.86977715877438,21.560574948665295,2.051282051282053,8179.0,0.0,0.0,0.0
78900.0,2.438257342,0.0,78900.0,62.6,18.898406158516742,22.56728778467909,5.316455696202536,8279.0,0.0,0.0,0.0
79000.0,2.441035855,0.0,79000.0,62.8,19.07237801031175,22.981366459627328,4.8593350383631755,8379.0,0.0,0.0,0.0
79100.0,2.443886356,0.0,79100.0,62.7,18.952510082047,22.129436325678494,3.6175710594315276,8479.0,0.0,0.0,0.0
79200.0,2.446632944,0.0,79200.0,63.0,19.045701983161507,22.26890756302521,3.141361256544505,8579.0,0.0,0.0,0.0
79300.0,2.44946792,0.0,79300.0,63.0,19.11684337086021,22.594142259414223,3.8961038961038996,8679.0,0.0,0.0,0.0
79400.0,2.452285096,0.0,79400.0,63.0,19.107648043935473,18.141592920353975,2.887139107611551,8779.0,0.0,0.0,0.0
79500.0,2.455023684,0.0,79500.0,62.2,17.234131067854864,17.467248908296938,1.3054830287206278,8879.0,0.0,0.0,0.0
79600.0,2.457887498,0.0,79600.0,61.8,16.768345825344262,19.067796610169484,1.0362694300518145,8979.0,0.0,0.0,0.0
79700.0,2.460697037,0.0,79700.0,60.6,14.774325008327885,18.762886597938138,0.7556675062972299,9079.0,0.0,0.0,0.0
79800.0,2.4634588,0.0,79800.0,61.5,15.712133949838877,19.117647058823522,0.7731958762886604,9179.0,0.0,0.0,0.0
79900.0,2.466292651,0.0,79900.0,61.4,15.699909148088626,19.415448851774524,0.5154639175257736,9279.0,0.0,0.0,0.0
80000.0,2.469385231,0.0,80000.0,62.1,16.749404725295,21.85567010309278,2.0671834625323013,9379.0,0.0,0.0,0.0
